date,all,16-24,25-54,55-64,65+,less_than_hs,high_school,some_college,bachelor's_degree,advanced_degree,women,women_16-24,women_25-54,women_55-64,women_65+,women_less_than_hs,women_high_school,women_some_college,women_bachelor's_degree,women_advanced_degree,men,men_16-24,men_25-54,men_55-64,men_65+,men_less_than_hs,men_high_school,men_some_college,men_bachelor's_degree,men_advanced_degree,black,black_16-24,black_25-54,black_55-64,black_65+,black_less_than_hs,black_high_school,black_some_college,black_bachelor's_degree,black_advanced_degree,black_women,black_women_16-24,black_women_25-54,black_women_55-64,black_women_65+,black_women_less_than_hs,black_women_high_school,black_women_some_college,black_women_bachelor's_degree,black_women_advanced_degree,black_men,black_men_16-24,black_men_25-54,black_men_55-64,black_men_65+,black_men_less_than_hs,black_men_high_school,black_men_some_college,black_men_bachelor's_degree,black_men_advanced_degree,hispanic,hispanic_16-24,hispanic_25-54,hispanic_55-64,hispanic_65+,hispanic_less_than_hs,hispanic_high_school,hispanic_some_college,hispanic_bachelor's_degree,hispanic_advanced_degree,hispanic_women,hispanic_women_16-24,hispanic_women_25-54,hispanic_women_55-64,hispanic_women_65+,hispanic_women_less_than_hs,hispanic_women_high_school,hispanic_women_some_college,hispanic_women_bachelor's_degree,hispanic_women_advanced_degree,hispanic_men,hispanic_men_16-24,hispanic_men_25-54,hispanic_men_55-64,hispanic_men_65+,hispanic_men_less_than_hs,hispanic_men_high_school,hispanic_men_some_college,hispanic_men_bachelor's_degree,hispanic_men_advanced_degree,white,white_16-24,white_25-54,white_55-64,white_65+,white_less_than_hs,white_high_school,white_some_college,white_bachelor's_degree,white_advanced_degree,white_women,white_women_16-24,white_women_25-54,white_women_55-64,white_women_65+,white_women_less_than_hs,white_women_high_school,white_women_some_college,white_women_bachelor's_degree,white_women_advanced_degree,white_men,white_men_16-24,white_men_25-54,white_men_55-64,white_men_65+,white_men_less_than_hs,white_men_high_school,white_men_some_college,white_men_bachelor's_degree,white_men_advanced_degree,population_over_16
2023-07-01,3.6,7.8,3.1,2.4,2.7,7,4.8,3.4,2.4,1.7,3.5,7.1,3.1,2.3,2.7,7.5,4.9,3.5,2.4,1.7,3.6,8.5,3.1,2.5,2.7,6.7,4.7,3.4,2.4,1.7,5.8,12.5,5,3.3,3.9,12.6,7.9,5.2,3.4,2.1,5.8,12.4,5.1,3.1,3.9,13.9,8.3,5.1,3.8,2,5.8,12.6,5,3.5,3.9,11.5,7.5,5.4,2.9,2.3,4.4,8.5,3.6,3.4,3.9,5.9,5.2,3.8,2.9,1.7,4.3,7.6,3.6,3.6,3.3,6.4,5.1,4,2.9,1.9,4.4,9.3,3.6,3.2,4.2,5.6,5.2,3.6,2.9,1.5,2.8,6.3,2.5,2,2.5,6.9,3.8,2.9,2.1,1.6,2.7,5.6,2.4,2,2.5,6.8,3.7,2.9,2.1,1.5,2.9,7,2.5,2.1,2.4,7,3.8,2.8,2.1,1.6,267002000
2023-06-01,3.6,7.8,3.1,2.4,2.8,7.1,4.8,3.4,2.4,1.7,3.5,7.1,3.1,2.3,2.8,7.5,4.9,3.4,2.4,1.7,3.6,8.5,3,2.5,2.8,6.8,4.7,3.4,2.4,1.7,5.8,12.3,5.1,3.2,3.9,12.8,7.9,5.2,3.4,2.1,5.8,12.1,5.2,2.9,4.1,14.4,8.3,5.1,3.7,2,5.8,12.4,5,3.4,3.7,11.4,7.5,5.3,3,2.2,4.4,8.5,3.6,3.4,4,6,5.1,3.8,2.7,1.8,4.3,7.7,3.6,3.5,3.3,6.3,5.1,4,2.8,2.2,4.4,9.2,3.5,3.3,4.4,5.8,5.1,3.6,2.7,1.5,2.8,6.3,2.4,2.1,2.5,6.9,3.8,2.8,2.1,1.6,2.7,5.6,2.4,2,2.6,6.7,3.7,2.8,2.2,1.6,2.9,7,2.5,2.1,2.5,7,3.8,2.9,2.1,1.6,266801000
2023-05-01,3.6,7.9,3,2.4,2.8,7.1,4.8,3.4,2.4,1.7,3.5,7.2,3.1,2.4,2.8,7.6,4.9,3.4,2.5,1.7,3.6,8.5,3,2.5,2.8,6.7,4.7,3.4,2.4,1.7,5.8,12.2,5.1,3.1,3.9,12.3,7.7,5.3,3.4,2,5.8,11.7,5.2,2.9,4.1,13.6,8,5.3,3.8,2,5.8,12.8,4.9,3.2,3.7,11.2,7.5,5.4,3,2.1,4.4,8.5,3.6,3.4,3.8,6,5.1,3.7,2.8,1.9,4.4,7.9,3.6,3.7,3.1,6.4,5.1,3.9,2.9,2.2,4.4,9.1,3.5,3.3,4.4,5.8,5.1,3.5,2.7,1.4,2.9,6.4,2.4,2.1,2.5,7,3.8,2.8,2.1,1.6,2.8,5.8,2.4,2.1,2.6,7.1,3.8,2.8,2.2,1.6,2.9,7,2.5,2.1,2.5,6.9,3.8,2.9,2.1,1.6,266618000
2023-04-01,3.6,7.9,3,2.4,2.8,7.1,4.8,3.4,2.4,1.7,3.5,7.2,3.1,2.4,2.8,7.6,4.9,3.4,2.5,1.7,3.6,8.5,3,2.5,2.8,6.8,4.7,3.4,2.3,1.7,5.8,12.3,5.1,3.1,3.8,12.1,7.6,5.4,3.5,1.9,5.8,11.9,5.2,2.9,4.1,13.3,8,5.4,3.9,1.9,5.8,12.7,4.9,3.2,3.6,11.2,7.3,5.5,3.1,2,4.4,8.7,3.6,3.4,4,6.1,5,3.8,2.9,1.9,4.5,8.1,3.7,3.7,3.3,6.6,5.2,4.1,3,2.3,4.4,9.2,3.5,3.1,4.6,5.8,4.9,3.4,2.7,1.5,2.9,6.4,2.4,2.1,2.5,7,3.8,2.8,2.1,1.6,2.7,5.8,2.4,2.1,2.6,7,3.8,2.8,2.2,1.5,2.9,7,2.5,2.2,2.5,6.9,3.8,2.9,2.1,1.6,266443000
2023-03-01,3.6,8,3,2.5,2.8,7.1,4.8,3.5,2.4,1.7,3.5,7.3,3.1,2.4,2.8,7.5,5,3.5,2.5,1.7,3.6,8.7,3,2.5,2.8,6.8,4.7,3.5,2.4,1.7,5.9,12.7,5.1,3.2,4,12,7.7,5.6,3.6,1.9,5.8,12.2,5.2,3.2,4.3,13,8,5.5,4,1.9,5.9,13.1,5,3.3,3.6,11.1,7.4,5.7,3.3,2,4.4,8.7,3.5,3.4,4.1,6.1,5,3.8,2.8,1.9,4.4,8,3.7,3.6,3.4,6.5,5.2,4.1,2.9,2.5,4.3,9.3,3.4,3.2,4.7,6,4.8,3.4,2.7,1.3,2.9,6.5,2.4,2.2,2.5,6.9,3.9,2.9,2.1,1.6,2.8,5.9,2.4,2.1,2.6,7.1,3.9,2.8,2.2,1.5,3,7.1,2.5,2.2,2.5,6.8,3.9,2.9,2.1,1.7,266272000
2023-02-01,3.6,8.1,3,2.4,2.9,7.2,4.8,3.5,2.4,1.7,3.5,7.4,3.1,2.4,2.9,7.7,5,3.5,2.4,1.7,3.6,8.8,3,2.5,2.9,6.8,4.7,3.4,2.4,1.7,5.9,13,5.1,3.3,4.1,12.4,7.7,5.7,3.6,2,6,12.8,5.2,3.3,4.4,13.7,8.1,5.8,3.9,1.9,5.9,13.2,5,3.3,3.8,11.3,7.5,5.6,3.2,2.1,4.3,8.6,3.5,3.2,4,6.2,4.9,3.8,2.7,1.9,4.4,7.8,3.7,3.4,3.5,6.5,5.1,4.1,2.7,2.4,4.3,9.4,3.4,3.1,4.3,6,4.7,3.5,2.6,1.3,2.9,6.6,2.4,2.2,2.6,7,3.9,2.8,2.1,1.6,2.8,5.9,2.4,2.1,2.6,7.4,4,2.8,2.1,1.5,3,7.2,2.5,2.2,2.6,6.8,3.9,2.9,2.1,1.7,266112000
2023-01-01,3.6,8.1,3.1,2.5,2.9,7.1,4.9,3.5,2.4,1.7,3.6,7.4,3.1,2.4,2.8,7.7,5.1,3.6,2.4,1.7,3.6,8.7,3,2.5,3,6.7,4.7,3.4,2.4,1.7,6,12.9,5.3,3.4,4.2,12.3,8.1,5.6,3.6,2.1,6.1,12.9,5.3,3.4,4.6,13,8.4,5.8,4,2,6,12.9,5.2,3.4,3.9,11.8,7.7,5.5,3.1,2.2,4.3,8.4,3.4,3.3,4,6.1,4.7,3.8,2.6,1.8,4.4,7.8,3.7,3.2,3.3,6.7,5.1,4.1,2.6,2.3,4.2,9,3.2,3.4,4.5,5.8,4.5,3.4,2.7,1.3,2.9,6.7,2.5,2.2,2.6,7,4,2.9,2.1,1.6,2.8,6,2.4,2.1,2.5,7.5,4,2.9,2.1,1.5,3,7.4,2.5,2.2,2.7,6.7,4,3,2.1,1.7,265962000
2022-12-01,3.6,8.1,3.1,2.5,3,7.2,4.9,3.6,2.4,1.7,3.6,7.5,3.2,2.5,2.8,7.9,5.1,3.6,2.5,1.7,3.7,8.8,3.1,2.6,3.1,6.8,4.8,3.5,2.4,1.7,6.2,13.2,5.4,3.5,4.4,13.1,8.3,5.6,3.7,2,6.2,13.3,5.4,3.5,4.6,13.2,8.6,5.9,4.2,1.9,6.1,13,5.3,3.5,4.1,12.9,8,5.3,3.1,2.3,4.3,8.3,3.4,3.4,3.8,6.1,4.6,3.8,2.6,1.8,4.4,7.7,3.8,3.3,3.2,7,5.2,4.1,2.6,2.2,4.1,8.8,3.2,3.5,4.2,5.7,4.3,3.6,2.7,1.5,3,6.6,2.5,2.2,2.7,7.1,4,3,2.1,1.6,2.8,5.9,2.4,2.2,2.5,7.4,4,2.9,2.1,1.5,3.1,7.4,2.6,2.2,2.8,6.8,4.1,3,2.2,1.7,264844000
2022-11-01,3.7,8.1,3.2,2.6,2.9,7.3,5,3.6,2.5,1.7,3.6,7.4,3.2,2.6,2.8,8,5.1,3.7,2.5,1.6,3.7,8.8,3.1,2.6,3,6.9,4.9,3.5,2.4,1.7,6.3,13.3,5.5,3.5,4.5,13.1,8.5,5.7,3.6,2.1,6.2,13.6,5.4,3.6,4.5,13.1,8.7,6.1,4.1,2,6.3,12.9,5.5,3.5,4.6,13,8.3,5.3,3.1,2.3,4.3,8.3,3.5,3.5,3.8,6.2,4.7,3.9,2.6,1.8,4.5,7.7,4,3.5,3.2,7.5,5.2,4.1,2.7,2.2,4.1,8.8,3.1,3.5,4.1,5.6,4.3,3.6,2.6,1.4,3,6.6,2.6,2.3,2.7,7.1,4.1,3,2.2,1.6,2.8,5.7,2.5,2.3,2.5,7.4,4,3,2.1,1.5,3.1,7.5,2.6,2.2,2.8,6.9,4.1,3,2.2,1.7,264708000
2022-10-01,3.7,8.1,3.2,2.7,3,7.4,5.1,3.6,2.5,1.7,3.7,7.5,3.2,2.7,2.8,8.1,5.2,3.7,2.5,1.6,3.8,8.8,3.2,2.6,3,6.9,4.9,3.5,2.5,1.7,6.3,13.5,5.5,3.6,4.5,13.4,8.7,5.7,3.6,2,6.3,13.9,5.4,3.8,4.4,13.1,8.9,6.1,4.1,1.9,6.4,13.2,5.7,3.4,4.6,13.5,8.5,5.4,3,2.1,4.4,8.3,3.6,3.6,4,6.3,4.8,3.9,2.8,1.8,4.7,7.9,4.1,3.8,3.4,7.7,5.5,4.1,2.8,2.2,4.1,8.6,3.2,3.4,4.4,5.6,4.3,3.6,2.8,1.4,3,6.6,2.6,2.3,2.6,7.1,4.1,3,2.2,1.5,2.9,5.7,2.5,2.4,2.5,7.3,4,3,2.2,1.5,3.1,7.4,2.7,2.3,2.7,7,4.2,3,2.2,1.7,264535000
2022-09-01,3.8,8.2,3.3,2.7,3.1,7.5,5.1,3.7,2.6,1.7,3.8,7.5,3.3,2.8,3,8.3,5.4,3.8,2.6,1.6,3.8,8.8,3.2,2.7,3.1,7,5,3.7,2.5,1.7,6.5,13.4,5.7,3.6,4.6,13.7,8.8,5.9,3.7,2,6.3,13.6,5.5,3.7,4.6,12.9,8.9,6.2,4.1,2,6.6,13.2,6,3.6,4.7,14.3,8.8,5.5,3.3,2.1,4.5,8.5,3.7,3.6,4.1,6.4,4.9,4,2.9,1.9,4.9,8.2,4.3,3.9,3.5,8,5.8,4.2,2.9,2.2,4.2,8.7,3.3,3.4,4.5,5.6,4.3,3.9,3,1.5,3,6.6,2.6,2.4,2.7,7.3,4.2,3.1,2.2,1.5,2.9,5.6,2.5,2.4,2.6,7.5,4.1,3.1,2.2,1.5,3.2,7.5,2.7,2.4,2.8,7,4.2,3.1,2.2,1.6,264356000
2022-08-01,3.9,8.2,3.4,2.8,3.2,7.5,5.3,3.9,2.6,1.7,3.9,7.5,3.4,2.9,3.1,8.4,5.5,3.9,2.6,1.7,3.9,8.9,3.4,2.8,3.2,7,5.1,3.8,2.6,1.7,6.6,13.4,5.9,3.8,4.6,14,9,6,3.7,2.1,6.4,13.4,5.7,3.9,4.5,12.9,9.1,6.3,4,2.1,6.8,13.5,6.1,3.6,4.7,15,9,5.6,3.4,2,4.7,8.7,3.9,3.7,4.3,6.5,5.2,4.2,3.1,2,5.1,8.4,4.4,4,3.8,8.2,6.1,4.3,3,2.3,4.4,8.9,3.5,3.4,4.7,5.6,4.6,4.2,3.2,1.6,3.1,6.5,2.7,2.5,2.8,7.3,4.2,3.2,2.3,1.6,3,5.6,2.6,2.5,2.7,7.6,4.2,3.2,2.2,1.5,3.2,7.5,2.8,2.5,2.8,7,4.3,3.2,2.3,1.6,264184000
2022-07-01,4,8.4,3.5,2.9,3.3,7.7,5.4,4,2.7,1.7,4,7.7,3.5,2.9,3.2,8.6,5.6,4.1,2.7,1.7,4.1,9,3.5,2.9,3.3,7.1,5.3,4,2.8,1.8,6.8,13.8,6.1,4,4.6,14.4,9.3,6.3,3.9,2.1,6.6,13.8,5.8,4.1,4.2,13.1,9.3,6.5,4.2,2.1,7.1,13.8,6.4,4,4.9,15.5,9.3,6.1,3.5,2,4.8,8.7,4.1,3.7,4.7,6.4,5.3,4.4,3.3,2,5.2,8.6,4.6,4,4.3,8.4,6.2,4.5,3.2,2.2,4.5,8.9,3.7,3.4,4.9,5.4,4.8,4.4,3.3,1.7,3.2,6.7,2.8,2.6,2.9,7.4,4.3,3.3,2.3,1.6,3.1,5.8,2.7,2.5,2.9,7.8,4.3,3.3,2.3,1.5,3.3,7.5,2.9,2.6,2.9,7.1,4.3,3.3,2.4,1.7,264012000
2022-06-01,4.2,8.5,3.7,3.1,3.4,7.9,5.6,4.2,2.9,1.8,4.1,7.8,3.7,3.1,3.4,8.9,5.8,4.2,2.8,1.7,4.2,9.2,3.7,3.1,3.4,7.2,5.5,4.2,2.9,1.8,7.1,13.9,6.3,4.4,4.8,14.6,9.5,6.6,3.9,2.2,6.8,13.8,6,4.5,4.5,13.1,9.6,6.8,4.2,2.2,7.4,13.9,6.7,4.4,5.1,15.9,9.5,6.5,3.5,2.2,5,8.9,4.3,3.8,4.9,6.6,5.6,4.6,3.5,1.9,5.4,8.7,4.8,4.3,4.5,8.9,6.4,4.6,3.6,2,4.7,9,3.9,3.4,5.1,5.5,5.1,4.5,3.5,1.8,3.3,6.8,2.9,2.7,3,7.6,4.5,3.5,2.4,1.7,3.2,5.8,2.8,2.6,3,7.9,4.5,3.5,2.4,1.6,3.5,7.8,3,2.7,3,7.4,4.5,3.5,2.5,1.8,263835000
2022-05-01,4.4,8.6,3.9,3.3,3.6,8.1,5.9,4.4,3,1.9,4.3,7.9,3.9,3.3,3.6,9,6.1,4.5,3,1.8,4.4,9.4,3.9,3.3,3.6,7.5,5.8,4.4,3,1.9,7.4,14.1,6.6,4.7,5,15.3,9.9,7,4.1,2.4,7,14.2,6.1,4.9,4.5,13.6,9.9,7,4.3,2.4,7.8,13.9,7.2,4.6,5.6,16.8,9.8,6.9,3.8,2.6,5.3,9,4.6,3.9,5.3,6.9,5.9,4.8,3.8,2,5.7,8.8,5.2,4.4,5,9.1,6.7,5,3.9,2.1,4.9,9.2,4.1,3.6,5.5,5.7,5.4,4.7,3.7,1.9,3.5,6.9,3.1,2.8,3.2,7.7,4.7,3.7,2.5,1.7,3.3,5.9,3,2.8,3.2,7.9,4.7,3.6,2.5,1.6,3.6,7.9,3.1,2.9,3.1,7.5,4.7,3.7,2.6,1.8,263679000
2022-04-01,4.5,8.8,4.1,3.4,3.8,8.3,6.1,4.7,3.1,1.9,4.4,8,4,3.5,3.8,9.1,6.2,4.7,3.1,1.9,4.6,9.6,4.1,3.4,3.8,7.7,6,4.6,3.2,2,7.6,14.5,6.9,4.8,5.4,15.7,10.2,7.3,4.2,2.6,7.2,14.4,6.3,4.9,4.6,14,9.9,7.3,4.4,2.6,8.1,14.6,7.6,4.7,6.2,17.2,10.4,7.2,3.9,2.7,5.5,9.3,4.8,4.3,5.4,7,6.2,5.1,3.9,2.1,5.9,9.1,5.4,4.8,5.3,9.2,7,5.2,4.1,2.1,5.2,9.4,4.4,3.8,5.5,5.9,5.7,5,3.8,2,3.6,7,3.2,3,3.3,7.9,4.8,3.8,2.7,1.8,3.4,5.9,3.1,2.9,3.5,7.9,4.7,3.8,2.6,1.7,3.7,8,3.3,3,3.3,7.9,4.9,3.8,2.7,1.8,263559000
2022-03-01,4.7,9,4.3,3.6,4,8.6,6.4,4.9,3.3,2,4.6,8.2,4.2,3.6,4,9.5,6.4,4.9,3.3,2,4.8,9.8,4.3,3.6,3.9,8,6.3,4.9,3.3,2,7.9,14.7,7.3,4.9,5.6,16.7,10.5,7.5,4.4,2.9,7.4,14.8,6.7,4.8,4.9,15,10.3,7.5,4.6,2.8,8.4,14.7,7.9,4.9,6.5,18.3,10.6,7.5,4.2,2.9,5.8,9.7,5,4.8,5.6,7.4,6.5,5.4,4.2,2.2,6.2,9.5,5.6,5.3,5.5,9.7,7.2,5.5,4.4,2.1,5.5,9.9,4.7,4.3,5.6,6.2,6.1,5.3,3.9,2.2,3.7,7.1,3.3,3.1,3.5,8,5,4,2.8,1.8,3.6,6,3.2,3.1,3.7,8,4.9,4,2.8,1.7,3.9,8.2,3.5,3.1,3.3,8,5.1,4.1,2.8,1.9,263444000
2022-02-01,5,9.3,4.5,3.8,4.1,8.8,6.6,5.1,3.4,2.1,4.8,8.4,4.4,3.8,4.2,9.7,6.7,5.1,3.5,2.1,5.1,10.1,4.5,3.8,4.1,8.3,6.5,5.2,3.4,2.1,8.2,14.8,7.6,4.9,6,16.9,10.9,7.8,4.6,3,7.7,14.7,6.9,4.9,5.4,14.5,10.9,7.6,4.8,3,8.8,15,8.4,4.9,6.8,19.1,10.9,8,4.5,2.9,6.1,10.2,5.3,5.1,5.7,7.6,6.9,5.8,4.4,2.4,6.5,9.9,5.9,5.5,5.6,10.1,7.5,5.8,4.6,2.3,5.8,10.4,5,4.8,5.7,6.4,6.5,5.8,4.2,2.4,3.9,7.3,3.5,3.2,3.6,8.2,5.1,4.2,2.9,1.9,3.7,6.2,3.4,3.2,3.8,8,5,4.1,3,1.9,4.1,8.3,3.6,3.2,3.5,8.4,5.2,4.3,2.9,1.9,263324000
2022-01-01,5.2,9.5,4.7,4,4.3,9.2,6.8,5.3,3.6,2.3,5,8.6,4.6,4,4.4,10,6.9,5.3,3.6,2.3,5.3,10.3,4.7,4,4.2,8.8,6.8,5.4,3.6,2.2,8.4,15.1,7.9,5.2,6.2,17.3,11.1,8.1,4.8,3.3,7.8,14.5,7.2,5.1,5.8,15,10.9,7.9,4.8,3.4,9.1,15.6,8.6,5.3,6.7,19.3,11.3,8.3,4.9,3.1,6.5,10.6,5.7,5.5,6,8.2,7.2,6.1,4.7,2.6,6.8,10.2,6.2,5.8,6,10.6,7.8,6,4.9,2.7,6.2,10.9,5.3,5.2,5.9,6.9,6.9,6.1,4.4,2.6,4,7.4,3.6,3.4,3.8,8.5,5.3,4.3,3.1,2,3.9,6.3,3.5,3.4,4,8,5.2,4.2,3.1,2,4.2,8.5,3.8,3.4,3.6,8.9,5.4,4.4,3.1,2,263202000
2021-12-01,5.3,9.7,4.9,4.2,4.4,9.5,7.1,5.5,3.8,2.4,5.2,8.9,4.8,4.2,4.6,10.3,7.2,5.5,3.8,2.5,5.5,10.5,4.9,4.2,4.3,9,7.1,5.6,3.7,2.3,8.6,14.9,8.2,5.4,6.5,17.1,11.3,8.3,5.2,3.6,8,14.4,7.4,5.2,6.1,15.1,11,8,5,3.8,9.3,15.5,9,5.6,6.9,18.9,11.6,8.6,5.4,3.4,6.8,11,5.9,5.8,6.2,8.5,7.6,6.5,4.8,3,7.2,10.8,6.5,6.1,6.3,10.9,8.2,6.4,5.1,3.1,6.5,11.3,5.6,5.6,6.1,7.2,7.2,6.5,4.5,2.8,4.2,7.7,3.8,3.5,3.9,8.8,5.5,4.5,3.2,2.1,4,6.6,3.6,3.5,4.1,8.4,5.4,4.4,3.3,2.1,4.4,8.7,3.9,3.6,3.7,9.1,5.6,4.6,3.2,2.1,262136000
2021-11-01,5.6,10.1,5.1,4.5,4.7,9.8,7.4,5.8,3.9,2.6,5.4,9.3,5,4.4,4.9,10.6,7.5,5.7,4,2.6,5.7,10.9,5.1,4.5,4.6,9.3,7.3,5.9,3.9,2.5,8.9,15.2,8.3,5.7,7.1,17.5,11.6,8.5,5.3,3.9,8.2,14.4,7.5,5.5,6.9,15.7,11.2,8.1,5,4.2,9.6,16.2,9.2,5.8,7.2,19.1,11.9,9.1,5.6,3.4,7.2,11.5,6.3,6.2,6.5,8.8,8.1,6.9,5.1,3.2,7.6,11.3,6.8,6.4,6.7,11.1,8.8,6.8,5.3,3.2,6.9,11.7,6,6.1,6.4,7.6,7.6,7,4.8,3.1,4.4,8,3.9,3.7,4.1,9.1,5.8,4.7,3.4,2.3,4.2,7,3.8,3.7,4.4,8.7,5.7,4.6,3.4,2.2,4.6,9,4.1,3.8,4,9.3,5.8,4.8,3.3,2.3,262029000
2021-10-01,5.8,10.3,5.3,4.7,4.9,10.1,7.6,6,4.1,2.7,5.6,9.4,5.2,4.6,5.1,11,7.6,5.9,4.1,2.8,5.9,11.2,5.3,4.8,4.8,9.5,7.6,6.2,4.1,2.6,9.2,15.4,8.6,6.1,7.5,17.5,11.9,8.9,5.5,4.1,8.4,14.5,7.8,5.9,7,16.3,11.3,8.5,5.1,4.3,10,16.5,9.5,6.4,8.1,18.6,12.3,9.5,6,3.8,7.5,11.9,6.6,6.6,6.6,9.1,8.3,7.2,5.3,3.5,7.8,11.5,7.1,6.7,6.9,11.5,8.9,7.1,5.6,3.4,7.2,12.2,6.3,6.5,6.5,7.9,8,7.3,5,3.5,4.6,8.2,4.1,3.9,4.3,9.3,5.9,4.9,3.5,2.4,4.4,7.2,3.9,3.8,4.6,9,5.8,4.8,3.6,2.3,4.8,9.2,4.3,4,4.1,9.5,6,5.1,3.5,2.4,261908000
2021-09-01,6,10.6,5.5,4.9,5.1,10.2,7.8,6.3,4.3,2.8,5.8,9.7,5.3,4.7,5.3,11.1,7.8,6.2,4.3,2.9,6.1,11.5,5.6,5,4.9,9.7,7.9,6.4,4.2,2.8,9.4,16,8.8,6.3,7.8,17.9,12.2,9.2,5.6,4.4,8.6,14.9,7.9,6.1,7.3,16.9,11.6,8.7,5.1,4.4,10.2,17.2,9.7,6.5,8.3,18.8,12.6,9.7,6.1,4.2,7.7,12.1,6.9,7,6.8,9.4,8.7,7.4,5.6,3.6,8,11.5,7.3,7.2,7,11.7,9,7.4,5.9,3.5,7.5,12.5,6.5,6.8,6.7,8.2,8.5,7.5,5.2,3.8,4.7,8.5,4.3,4,4.5,9.3,6.1,5.1,3.7,2.5,4.5,7.4,4,3.9,4.8,9,5.9,5,3.7,2.4,4.9,9.5,4.4,4.1,4.2,9.5,6.3,5.3,3.6,2.5,261766000
2021-08-01,6.2,11,5.7,5.1,5.4,10.6,8.1,6.6,4.5,3,6.1,10.1,5.6,5,5.7,11.5,8.1,6.6,4.6,2.9,6.4,11.8,5.8,5.2,5.1,10,8.2,6.6,4.4,3,9.7,16.6,9.1,6.6,8.2,18.1,12.5,9.6,5.8,4.6,9,15.6,8.2,6.3,7.9,17.5,11.9,9.2,5.3,4.5,10.6,17.7,10,6.9,8.5,18.7,13,10,6.5,4.7,8.1,12.5,7.1,7.5,7.4,9.7,9,7.8,6,3.7,8.5,12.1,7.7,7.7,7.8,12.1,9.5,8,6.4,3.6,7.8,12.8,6.7,7.3,7.1,8.4,8.7,7.7,5.5,3.9,4.9,8.8,4.4,4.2,4.7,9.6,6.4,5.4,3.9,2.6,4.7,7.8,4.2,4.2,5.1,9.2,6.1,5.3,4,2.5,5.1,9.8,4.6,4.3,4.4,9.9,6.5,5.5,3.7,2.7,261611000
2021-07-01,6.5,11.4,5.9,5.4,5.7,11,8.5,6.9,4.7,3.1,6.4,10.5,5.9,5.4,6.1,11.9,8.5,6.9,4.9,3.1,6.6,12.2,6,5.4,5.4,10.3,8.5,6.9,4.6,3.1,10.1,17,9.3,7,8.7,18.7,12.9,9.9,6.1,4.7,9.3,15.7,8.6,6.7,8.4,17.9,12.3,9.7,5.4,4.6,10.9,18.3,10.2,7.2,9.1,19.5,13.4,10.2,6.9,4.8,8.4,12.9,7.5,8,8,10,9.4,8.2,6.4,4.1,8.9,12.6,8,8,8.9,12.5,9.9,8.4,6.7,3.9,8.1,13.1,7,8,7.4,8.8,9.1,8,6,4.3,5.1,9.2,4.6,4.5,5,10,6.6,5.6,4.1,2.7,5,8.1,4.4,4.5,5.3,9.6,6.4,5.5,4.3,2.7,5.3,10.2,4.8,4.4,4.7,10.2,6.7,5.7,3.9,2.8,261469000
2021-06-01,6.9,12.1,6.3,5.8,6.1,11.4,8.9,7.4,5.1,3.4,6.9,11.3,6.2,5.8,6.6,12.4,9,7.4,5.4,3.4,7,12.9,6.3,5.7,5.6,10.8,8.8,7.3,4.8,3.4,10.6,17.8,9.8,7.3,9.4,19.1,13.5,10.4,6.7,4.9,9.8,16.4,9,7.1,8.9,17.9,12.9,10.3,6,4.7,11.4,19.3,10.6,7.6,9.8,20.2,14,10.5,7.5,5.4,9,13.7,7.9,8.7,8.4,10.5,9.9,8.9,6.8,4.5,9.5,13.6,8.5,8.7,9.5,13,10.5,9.3,7.2,4.3,8.6,13.8,7.4,8.7,7.7,9.2,9.6,8.5,6.4,4.6,5.5,9.8,4.9,4.8,5.2,10.4,6.9,6,4.4,2.9,5.4,8.8,4.8,4.9,5.8,10.1,6.8,6,4.7,2.8,5.6,10.7,5,4.6,4.8,10.6,7,6.1,4.1,3,261338000
2021-05-01,7.4,13,6.6,6.2,6.5,12.1,9.4,7.9,5.5,3.6,7.4,12.4,6.6,6.3,7.1,13.1,9.5,8,5.8,3.6,7.3,13.7,6.6,6.1,6,11.4,9.3,7.7,5.1,3.6,11,18.9,10.2,7.7,9.8,19.5,14.1,10.9,7.1,5,10.2,17.4,9.4,7.3,9.5,17.9,13.5,10.9,6.5,4.7,11.9,20.6,11,8.1,10.1,21.1,14.7,11,7.8,5.6,9.6,14.8,8.4,9.2,8.9,11.1,10.5,9.7,7.4,4.7,10.1,14.8,9.1,9.3,9.7,13.7,11.1,10.1,7.8,4.4,9.1,14.9,7.9,9.2,8.4,9.8,10.1,9.3,7,5,5.8,10.5,5.2,5.1,5.6,11.1,7.2,6.5,4.8,3.1,5.8,9.8,5.1,5.4,6.3,11,7.2,6.5,5.2,3.1,5.8,11.3,5.3,4.9,5.1,11.1,7.3,6.4,4.3,3.2,261210000
2021-04-01,8,14.3,7.1,6.7,7.1,13.2,10.1,8.6,5.9,3.8,8.1,13.7,7.3,6.9,7.9,14.6,10.5,8.9,6.4,3.9,7.8,14.8,7,6.5,6.5,12.3,9.9,8.3,5.4,3.8,11.7,20.1,10.7,8.4,10.2,20.9,15,11.6,7.4,5.3,11,18.8,10.1,8.1,10.2,19.6,14.7,11.7,6.9,5,12.4,21.5,11.4,8.7,10.2,22.2,15.2,11.5,8.2,5.7,10.4,16.3,9.1,9.8,10,12.2,11.3,10.6,8.2,5,11.1,16.3,9.9,9.9,10.7,15.1,12,11.2,8.7,4.8,9.9,16.2,8.6,9.7,9.5,10.7,10.8,10.1,7.7,5.3,6.4,11.6,5.6,5.6,6.2,12.1,7.9,7.1,5.1,3.4,6.5,11,5.6,6,7.1,12.4,8.1,7.3,5.7,3.3,6.3,12.2,5.6,5.3,5.5,11.8,7.8,6.9,4.6,3.4,261103000
2021-03-01,8.7,15.5,7.8,7.3,8,14.3,11,9.5,6.4,4.1,9,15.3,8,7.7,8.9,16.1,11.6,9.9,7,4.2,8.4,15.8,7.6,7,7.3,13.2,10.6,9.1,5.8,4,12.3,21.1,11.2,9,10.9,21.5,15.9,12.3,7.9,5.3,11.7,20,10.7,8.9,10.8,20.7,15.7,12.5,7.2,5.1,12.9,22.4,11.9,9.2,11.1,22.3,16,12.1,8.7,5.6,11.3,17.5,10,10.4,11.3,13.1,12.3,11.6,8.9,5.4,12.2,17.9,10.8,10.7,12.6,16.4,13.3,12.3,9.4,5,10.7,17.1,9.4,10.2,10.3,11.4,11.7,10.9,8.3,5.8,7,12.9,6.2,6.2,7.1,13.4,8.8,8,5.6,3.7,7.3,12.7,6.3,6.8,8.1,14.1,9.2,8.3,6.3,3.8,6.8,13.2,6.1,5.8,6.3,12.9,8.5,7.6,4.9,3.7,261003000
2021-02-01,8.5,15.5,7.6,7.2,7.9,14.3,10.8,9.3,6.3,4.1,8.8,15.3,7.8,7.6,8.7,16.2,11.4,9.8,6.8,4.1,8.3,15.6,7.4,6.9,7.2,13.1,10.4,8.8,5.7,4,12.1,21.2,10.9,9.1,10.7,21.4,15.7,12,7.6,5.2,11.5,20.1,10.4,8.8,10.2,20.5,15.4,12.2,7,4.9,12.7,22.5,11.5,9.3,11.3,22.4,15.9,11.7,8.4,5.5,11.1,17.5,9.8,10.3,11.3,13.1,12.1,11.3,8.7,5.3,12,18.1,10.7,10.7,12.4,16.5,13.2,12.1,9.4,4.8,10.5,17,9.1,9.9,10.4,11.4,11.4,10.6,8,5.8,6.9,12.8,6.1,6.1,7,13.3,8.6,7.8,5.5,3.7,7.2,12.6,6.2,6.7,8,14.3,9,8.2,6.2,3.7,6.7,13,6,5.7,6.3,12.6,8.3,7.5,4.8,3.7,260918000
2021-01-01,8.3,15.2,7.4,7,7.7,13.9,10.5,9,6.1,3.9,8.6,15.1,7.6,7.4,8.6,15.8,11.1,9.5,6.7,4,8,15.3,7.2,6.6,7,12.7,10.1,8.6,5.5,3.9,11.7,21,10.6,8.6,10.4,21,15.3,11.6,7.3,4.8,11.1,20,10,8.5,9.7,19.9,15.1,11.8,6.8,4.6,12.4,22.2,11.2,8.7,11.3,22,15.5,11.5,8,5.2,10.8,17.2,9.4,9.9,10.9,12.7,11.7,10.9,8.4,5,11.7,18,10.3,10.3,12.3,16,12.8,11.8,9.2,4.6,10.1,16.4,8.8,9.6,9.9,11,11,10.2,7.6,5.4,6.7,12.5,5.9,6,6.9,12.9,8.3,7.6,5.4,3.6,7,12.3,6,6.5,7.8,14.1,8.7,8,6,3.6,6.5,12.7,5.8,5.5,6.1,12.2,8.1,7.3,4.7,3.6,260851000
2020-12-01,8.1,14.9,7.1,6.7,7.5,13.6,10.2,8.8,5.9,3.8,8.3,14.8,7.3,7.1,8.3,15.3,10.8,9.3,6.4,3.8,7.8,15,6.9,6.4,6.9,12.5,9.8,8.3,5.3,3.8,11.5,21,10.2,8.3,9.9,20.8,15,11.4,6.8,4.6,10.9,20,9.7,8.3,9,19.5,14.8,11.6,6.4,4.4,12.1,22.1,10.8,8.3,11,22.1,15.2,11.1,7.4,4.9,10.4,16.7,9.1,9.5,10.8,12.5,11.3,10.5,8.2,4.7,11.4,17.5,9.9,9.8,12.1,15.4,12.4,11.4,9,4.3,9.7,16,8.4,9.2,9.8,10.9,10.6,9.6,7.4,5.2,6.5,12.3,5.7,5.8,6.6,12.5,8.1,7.4,5.2,3.5,6.8,12.1,5.8,6.3,7.6,13.5,8.5,7.8,5.8,3.5,6.3,12.4,5.6,5.3,5.9,11.8,7.8,7,4.6,3.5,261230000
2020-11-01,7.8,14.6,6.9,6.4,7.2,13.3,9.8,8.4,5.7,3.7,8.1,14.5,7.1,6.9,7.9,14.8,10.4,8.9,6.2,3.7,7.5,14.7,6.7,6,6.6,12.3,9.4,7.9,5.2,3.6,11.1,20.5,9.9,7.9,9.3,20.2,14.7,10.9,6.6,4.5,10.6,19.4,9.5,7.9,8.5,18.5,14.5,11.2,6.3,4.2,11.7,21.6,10.4,8,10.4,22,14.8,10.6,7,4.9,10,16.3,8.6,9,10.4,12.1,10.6,10.1,7.9,4.6,11,17.2,9.5,9.6,11.7,15,11.8,11.1,8.7,4.1,9.2,15.5,8,8.6,9.4,10.5,9.9,9.2,7,5.1,6.3,12,5.5,5.5,6.4,12.3,7.9,7.1,5,3.4,6.6,11.7,5.6,6.1,7.3,13.3,8.2,7.5,5.6,3.4,6.1,12.2,5.4,5,5.7,11.6,7.6,6.7,4.5,3.3,261085000
2020-10-01,7.5,14.3,6.6,6.1,7,13,9.5,8.1,5.5,3.6,7.8,14.2,6.9,6.6,7.7,14.4,10.1,8.7,6,3.6,7.2,14.4,6.4,5.7,6.4,12,9.1,7.5,4.9,3.6,10.7,20.1,9.5,7.5,9,20.2,14.1,10.5,6.3,4.3,10.3,18.9,9.2,7.6,8.4,18.1,14.1,10.8,6.1,4,11.2,21.3,10,7.4,9.8,22.3,14.1,10,6.4,4.9,9.6,16,8.3,8.7,10.1,11.7,10.2,9.8,7.4,4.4,10.6,17,9.2,9.1,11.4,14.5,11.5,10.9,8.3,3.8,8.8,15.1,7.6,8.3,9.1,10.2,9.4,8.8,6.5,5,6.1,11.7,5.3,5.3,6.2,12.1,7.6,6.8,4.9,3.3,6.4,11.5,5.4,5.8,7.1,13,8,7.3,5.4,3.3,5.9,12,5.2,4.9,5.5,11.5,7.4,6.4,4.3,3.3,260925000
2020-09-01,7.2,13.9,6.3,5.9,6.7,12.7,9.1,7.8,5.2,3.5,7.6,13.8,6.6,6.3,7.4,14.1,9.8,8.3,5.8,3.5,7,14.1,6.1,5.5,6.2,11.8,8.7,7.2,4.7,3.4,10.3,19.5,9.1,7.3,8.7,19.7,13.6,9.9,6.1,4.2,9.9,18.3,8.8,7.5,8,17.6,13.6,10.3,6,3.9,10.7,20.7,9.5,7,9.5,22,13.6,9.4,6.2,4.6,9.2,15.8,7.8,8.2,9.7,11.3,9.8,9.4,7.1,4.2,10.2,16.8,8.8,8.5,11,14,11,10.4,8,3.7,8.4,14.8,7.1,8,8.8,9.8,9,8.5,6.1,4.8,5.9,11.5,5.1,5.1,6,12,7.4,6.6,4.7,3.2,6.2,11.2,5.3,5.6,6.8,12.9,7.7,7,5.2,3.2,5.7,11.7,5,4.7,5.4,11.5,7.1,6.2,4.2,3.2,260742000
2020-08-01,6.9,13.5,6,5.5,6.4,12.2,8.7,7.3,5,3.3,7.2,13.3,6.2,6,6.9,13.5,9.3,7.8,5.5,3.4,6.6,13.6,5.8,5.1,5.9,11.4,8.3,6.8,4.5,3.3,9.8,18.7,8.6,6.8,8.4,19.1,12.9,9.3,5.8,3.9,9.4,17.7,8.2,7.1,7.8,16.9,12.8,9.6,5.9,3.7,10.2,19.9,9,6.5,9.1,21.5,12.9,8.9,5.7,4.2,8.7,15,7.4,7.7,9.1,10.7,9.1,8.9,6.6,4.1,9.6,16,8.3,7.8,10.2,13.4,10.2,9.8,7.6,3.5,8,14.2,6.7,7.5,8.2,9.3,8.4,8,5.6,4.7,5.7,11.2,4.9,4.8,5.7,11.6,7.1,6.2,4.5,3.1,5.9,10.8,5,5.4,6.4,12.5,7.5,6.6,5,3.1,5.5,11.5,4.8,4.4,5.2,11.1,6.8,5.8,4,3.1,260558000
2020-07-01,6.5,12.9,5.6,5.1,5.9,11.6,8.1,6.9,4.6,3.1,6.7,12.7,5.8,5.6,6.4,12.9,8.7,7.3,5.1,3.2,6.2,13.1,5.4,4.7,5.5,10.8,7.8,6.4,4.2,3.1,9.1,17.8,8,6.1,7.7,18.2,12,8.6,5.5,3.8,8.7,16.6,7.6,6.4,7.2,16.1,11.9,8.7,5.6,3.6,9.6,19.1,8.5,5.9,8.3,20.3,12.2,8.4,5.3,4,8.2,14.5,6.9,7.1,8.1,10.2,8.5,8.4,6.2,3.9,9.1,15.3,7.8,7.4,8.7,12.7,9.6,9.3,7.1,3.3,7.4,13.7,6.1,6.8,7.7,8.8,7.7,7.5,5.2,4.5,5.4,10.8,4.6,4.5,5.4,11.2,6.7,5.9,4.2,2.9,5.6,10.5,4.7,5,6.1,12.1,7.1,6.2,4.6,2.9,5.2,11.1,4.5,4.1,4.9,10.7,6.5,5.5,3.8,2.9,260373000
2020-06-01,5.9,12.1,5.1,4.7,5.4,10.9,7.5,6.2,4.1,2.9,6.2,11.9,5.3,5.1,5.7,12.2,8,6.6,4.5,2.9,5.7,12.3,4.9,4.3,5.1,10,7.2,5.8,3.8,2.8,8.4,16.8,7.3,5.5,7,17.2,11.1,7.7,4.9,3.5,8,15.9,6.9,5.8,6.5,15.9,10.9,7.8,5,3.6,8.8,17.8,7.7,5.1,7.5,18.4,11.3,7.7,4.7,3.2,7.5,13.6,6.2,6.2,7.5,9.4,7.7,7.6,5.7,3.4,8.3,14.1,7.1,6.5,7.9,11.8,8.8,8.2,6.5,3,6.8,13.1,5.6,6,7.2,8,7,7,4.7,3.9,4.9,10.1,4.2,4.2,4.9,10.8,6.3,5.3,3.7,2.6,5.1,9.8,4.3,4.6,5.4,11.6,6.6,5.7,4.1,2.7,4.8,10.4,4.2,3.8,4.5,10.2,6.1,5,3.4,2.6,260204000
2020-05-01,5.3,11,4.6,4.1,4.8,10,6.8,5.5,3.6,2.6,5.5,10.7,4.7,4.5,5,11.2,7.2,5.8,3.9,2.7,5.2,11.4,4.4,3.8,4.5,9.2,6.5,5.1,3.3,2.6,7.7,15.7,6.5,5,6.4,16.5,10.4,6.7,4.2,3.1,7.3,14.7,6.2,5.6,5.9,15.8,10.2,6.7,4.3,3.5,8,16.8,6.9,4.4,7,17.2,10.6,6.7,4.2,2.5,6.6,12.3,5.5,5.5,6.7,8.5,6.9,6.6,4.8,3.1,7.4,12.8,6.3,5.7,7.4,10.8,7.9,7.1,5.6,2.6,6,11.9,4.9,5.3,6.1,7.2,6.2,6.1,4,3.7,4.5,9.3,3.8,3.7,4.4,10,5.8,4.7,3.3,2.4,4.6,8.7,3.9,4.1,4.7,10.5,5.9,5.1,3.5,2.4,4.4,9.8,3.8,3.4,4.1,9.6,5.6,4.4,3,2.4,260047000
2020-04-01,4.5,9.7,3.9,3.4,3.9,8.8,5.9,4.5,3.1,2.3,4.6,9.2,4,3.7,4,9.9,6.1,4.7,3.2,2.3,4.5,10.3,3.8,3.2,3.9,8.1,5.7,4.3,2.9,2.3,6.8,14.5,5.7,4.3,5.6,15.1,9.4,5.7,3.8,2.8,6.4,13.1,5.3,4.9,5,14.3,8.9,5.6,3.8,3.1,7.2,16,6.1,3.6,6.4,15.8,9.9,5.7,3.8,2.1,5.5,10.6,4.5,4.6,5.6,7.3,5.8,5.4,3.9,2.6,6.2,10.9,5.2,4.6,6.3,9.4,6.7,5.7,4.6,2,5.1,10.3,4,4.7,5,6.2,5.2,5.1,3.2,3.2,3.8,8.2,3.2,3.1,3.6,9,5,3.9,2.8,2.1,3.8,7.5,3.2,3.3,3.7,9.3,4.9,4.2,2.9,2.1,3.8,8.9,3.3,2.8,3.5,8.8,5,3.7,2.7,2.1,259896000
2020-03-01,3.7,8.3,3.1,2.6,2.9,7.6,4.8,3.4,2.4,1.9,3.6,7.5,3.1,2.7,2.9,8.4,4.8,3.5,2.4,1.9,3.7,9.2,3.1,2.5,3,7.1,4.7,3.3,2.4,1.9,6,13.4,5,3.5,4.8,14.4,8.4,4.8,3.1,2.4,5.5,11.7,4.6,4,4.1,13.3,7.8,4.6,3.1,2.7,6.5,15.2,5.4,3,5.5,15.4,8.9,4.9,3.1,1.9,4.4,9,3.4,3.5,4.2,6.1,4.4,4.1,3,2.1,4.9,8.8,4.1,3.3,4.4,8,5.1,4.3,3.5,1.7,4,9.1,2.9,3.6,4.1,5.1,4,3.9,2.5,2.6,3,6.9,2.6,2.3,2.6,7.8,4,2.9,2.2,1.7,2.9,5.8,2.4,2.4,2.6,7.8,3.7,3,2.1,1.7,3.1,7.8,2.6,2.2,2.6,7.8,4.1,2.8,2.2,1.7,259758000
2020-02-01,3.6,8.2,3,2.5,2.9,7.5,4.7,3.4,2.4,1.8,3.6,7.3,3.1,2.6,2.9,8.2,4.7,3.5,2.4,1.9,3.7,9.1,3,2.4,2.9,7,4.7,3.3,2.4,1.8,6,13.2,5,3.4,4.7,14.2,8.3,4.8,3.2,2.4,5.5,11.4,4.5,3.9,4.4,13.5,7.6,4.5,3.2,2.6,6.5,15.2,5.4,2.8,5.2,14.9,8.8,5,3.2,1.9,4.3,8.7,3.4,3.4,4.3,5.9,4.3,4,3,2.1,4.7,8.4,4,3.2,4.4,7.5,5,4.2,3.3,1.8,3.9,9,2.9,3.4,4.2,5,3.9,3.8,2.6,2.4,3,6.8,2.5,2.3,2.6,7.8,3.9,2.9,2.2,1.7,2.8,5.7,2.4,2.3,2.6,7.7,3.7,3,2.1,1.7,3.1,7.8,2.6,2.2,2.5,7.9,4,2.8,2.2,1.7,259628000
2020-01-01,3.6,8.3,3.1,2.5,2.9,7.6,4.7,3.4,2.4,1.9,3.6,7.3,3.1,2.7,2.9,8.3,4.7,3.6,2.4,1.9,3.7,9.3,3,2.4,2.8,7.1,4.7,3.3,2.4,1.8,6,13.4,5,3.6,4.6,14.4,8.3,4.8,3.3,2.4,5.6,11.5,4.7,4,4.2,14.1,7.6,4.7,3.2,2.6,6.6,15.5,5.4,3.1,5.1,14.8,9,5,3.4,2,4.3,8.8,3.3,3.2,4.2,5.8,4.3,4,3,2,4.6,8.4,3.9,3.2,4.2,7.4,5,4.1,3.3,1.6,4,9.2,2.9,3.3,4.1,5,3.9,3.8,2.7,2.5,3,6.9,2.5,2.3,2.6,8,3.9,2.9,2.2,1.7,2.9,5.8,2.5,2.4,2.6,7.9,3.7,3,2.1,1.7,3.1,7.9,2.6,2.2,2.5,8.1,4,2.8,2.2,1.7,259502000
2019-12-01,3.7,8.4,3.1,2.6,3,7.7,4.7,3.5,2.5,1.9,3.6,7.3,3.1,2.7,3.1,8.4,4.7,3.6,2.4,1.9,3.7,9.4,3,2.5,2.9,7.2,4.7,3.4,2.5,1.8,6.1,13.5,5,3.7,4.7,14.7,8.3,4.9,3.4,2.3,5.6,11.4,4.7,3.9,4.4,14.6,7.4,4.8,3.2,2.4,6.7,15.8,5.4,3.5,5.2,14.7,9,5.1,3.7,2,4.3,9,3.4,3.1,4.1,5.8,4.4,4,3.1,2.1,4.7,8.6,3.9,3.2,4.2,7.4,5,4.2,3.3,1.7,4,9.4,3,3.1,4,5,3.9,3.9,2.8,2.6,3,6.9,2.6,2.3,2.7,8.3,3.9,2.9,2.2,1.7,2.9,5.8,2.5,2.4,2.8,8,3.7,3,2.2,1.8,3.1,8,2.6,2.2,2.6,8.5,4,2.8,2.2,1.7,260181000
2019-11-01,3.7,8.4,3.1,2.6,3,7.8,4.7,3.5,2.5,1.9,3.6,7.4,3.1,2.7,3.1,8.5,4.6,3.6,2.4,1.9,3.8,9.5,3.1,2.6,2.9,7.3,4.7,3.4,2.5,1.9,6.1,13.6,5.1,3.8,4.5,15.3,8.1,5.1,3.4,2.1,5.6,11.5,4.7,4,4.1,15.4,7.3,4.9,3.1,2.3,6.7,16,5.4,3.6,5.1,15.3,8.9,5.2,3.8,1.9,4.3,9.1,3.4,3.1,4.3,5.9,4.4,4,3.1,2.1,4.6,8.5,3.9,3,4.2,7.4,5,4.1,3.2,1.7,4.1,9.6,3,3.1,4.4,5.1,4.1,3.8,2.9,2.6,3.1,6.9,2.6,2.4,2.7,8.3,3.9,3,2.2,1.8,2.9,5.9,2.5,2.4,2.9,8,3.7,3.1,2.2,1.8,3.2,7.9,2.6,2.3,2.5,8.5,4,2.9,2.2,1.8,260020000
2019-10-01,3.7,8.5,3.1,2.7,3,7.8,4.6,3.5,2.5,1.9,3.6,7.4,3.1,2.7,3.1,8.7,4.6,3.7,2.5,2,3.8,9.4,3.1,2.6,2.9,7.3,4.7,3.4,2.6,1.9,6.2,13.6,5.1,3.9,4.4,15.6,8.1,5.1,3.5,2.1,5.6,11.6,4.8,4,4.1,15.6,7.2,5,3.2,2.2,6.8,15.9,5.5,3.8,4.8,15.5,8.9,5.3,3.9,1.7,4.3,9,3.4,3.1,4.5,5.9,4.4,4,3.1,2.2,4.7,8.4,4,3,4.2,7.4,4.9,4.1,3.3,1.9,4.1,9.6,3,3.1,4.8,5.1,4.1,3.8,3,2.5,3.1,6.9,2.6,2.4,2.7,8.4,3.9,3,2.2,1.8,3,6,2.5,2.5,2.9,8.2,3.7,3.1,2.2,1.8,3.2,7.8,2.6,2.4,2.5,8.5,4,2.9,2.2,1.8,259845000
2019-09-01,3.7,8.5,3.1,2.7,3,7.8,4.6,3.6,2.5,1.9,3.7,7.5,3.1,2.7,3.2,8.7,4.6,3.7,2.5,1.9,3.8,9.4,3.1,2.6,2.9,7.3,4.7,3.5,2.6,1.8,6.3,13.7,5.2,4,4.6,15.6,8.1,5.3,3.6,2,5.7,11.6,4.8,3.8,4.4,15.5,7.1,5.1,3.4,2.2,6.9,16.1,5.6,4.2,4.8,15.6,9,5.6,3.9,1.7,4.4,9,3.5,3.1,4.5,6,4.5,3.9,3.1,2.1,4.7,8.4,4,3,4.2,7.5,5,4.1,3.3,1.8,4.1,9.6,3.1,3.1,4.8,5.2,4.1,3.8,2.9,2.5,3.1,7,2.6,2.4,2.7,8.3,3.9,3,2.2,1.8,3,6.1,2.5,2.5,3,8.1,3.8,3.1,2.2,1.8,3.1,7.8,2.6,2.3,2.6,8.4,3.9,2.9,2.3,1.8,259638000
2019-08-01,3.7,8.5,3.1,2.7,3.1,7.9,4.7,3.6,2.5,1.9,3.7,7.6,3.2,2.7,3.3,8.7,4.6,3.7,2.4,2,3.8,9.4,3.1,2.7,3,7.4,4.7,3.5,2.6,1.8,6.3,13.7,5.2,4.1,4.7,15.7,8.2,5.3,3.7,2,5.7,11.6,4.9,3.8,4.6,15.2,7.2,5.2,3.4,2.2,7,16.1,5.6,4.4,5,16.2,9.2,5.4,3.9,1.7,4.4,9.1,3.5,3.2,4.9,6,4.5,4,3.1,2.1,4.7,8.4,4,3.2,4.6,7.4,5.1,4.1,3.3,2,4.2,9.7,3.1,3.2,5.1,5.3,4.2,3.9,2.9,2.4,3.1,7,2.6,2.4,2.8,8.4,3.8,3,2.2,1.8,3,6.2,2.5,2.4,3,8.3,3.7,3.1,2.2,1.8,3.1,7.7,2.6,2.3,2.6,8.4,3.9,2.9,2.3,1.8,259432000
2019-07-01,3.8,8.5,3.1,2.7,3.2,7.9,4.7,3.6,2.5,1.9,3.7,7.6,3.2,2.7,3.4,8.7,4.6,3.8,2.4,2,3.8,9.4,3.1,2.7,3,7.5,4.7,3.5,2.5,1.8,6.4,13.8,5.3,4.2,4.8,15.9,8.3,5.4,3.6,2.1,5.8,11.9,5,3.9,4.8,14.9,7.3,5.4,3.5,2.2,7,16,5.7,4.5,4.9,16.8,9.2,5.4,3.8,1.7,4.5,9,3.6,3.3,5.1,6.1,4.6,4,3.2,2.1,4.8,8.3,4.1,3.3,4.6,7.6,5.1,4.1,3.5,1.9,4.2,9.7,3.2,3.3,5.4,5.3,4.3,3.9,2.9,2.3,3.1,6.9,2.6,2.4,2.8,8.4,3.8,3,2.2,1.9,3,6.1,2.5,2.4,3.1,8.2,3.7,3.1,2.1,1.9,3.1,7.7,2.6,2.4,2.6,8.5,3.9,2.9,2.2,1.8,259225000
2019-06-01,3.8,8.5,3.1,2.7,3.2,8,4.7,3.6,2.5,2,3.7,7.6,3.2,2.7,3.4,8.7,4.7,3.8,2.4,2.1,3.8,9.5,3.1,2.8,3.1,7.5,4.7,3.5,2.6,1.8,6.5,14.1,5.3,4.3,5,15.9,8.4,5.6,3.5,2,5.9,11.9,5,4,4.7,14.7,7.3,5.7,3.4,2.1,7.1,16.6,5.7,4.5,5.3,17.2,9.4,5.5,3.7,1.8,4.5,9,3.5,3.4,5.2,6.1,4.6,4,3.1,2.1,4.8,8.3,4.2,3.4,5,7.7,5.2,4.2,3.4,1.9,4.2,9.5,3.1,3.4,5.4,5.2,4.3,3.7,2.8,2.4,3.1,6.9,2.6,2.4,2.9,8.4,3.8,3,2.2,1.9,3,6.1,2.5,2.4,3.1,8.1,3.7,3.1,2.1,1.9,3.2,7.7,2.6,2.4,2.7,8.5,3.9,2.9,2.3,1.8,259037000
2019-05-01,3.8,8.6,3.2,2.7,3.3,8,4.7,3.7,2.5,2,3.7,7.7,3.2,2.7,3.4,8.7,4.7,3.8,2.4,2.1,3.9,9.6,3.1,2.8,3.2,7.6,4.7,3.5,2.6,1.9,6.5,14.2,5.4,4.2,4.9,15.9,8.4,5.7,3.5,2.1,5.9,11.8,5.1,3.9,4.8,14.1,7.2,5.9,3.4,2.1,7.2,16.9,5.7,4.7,5,17.7,9.4,5.5,3.6,2,4.5,9,3.6,3.4,5.3,6.1,4.7,4,3.1,2.1,4.9,8.3,4.2,3.5,5,7.6,5.2,4.3,3.3,2,4.2,9.6,3.1,3.3,5.6,5.3,4.3,3.7,2.8,2.2,3.1,7,2.6,2.4,2.9,8.5,3.8,3,2.2,1.9,3,6.2,2.5,2.4,3,8.3,3.8,3.1,2.1,2,3.2,7.7,2.6,2.5,2.8,8.6,3.9,3,2.3,1.8,258861000
2019-04-01,3.8,8.6,3.2,2.7,3.3,8.1,4.7,3.7,2.5,2,3.7,7.7,3.3,2.6,3.3,8.6,4.7,3.8,2.4,2,3.9,9.6,3.1,2.8,3.3,7.8,4.7,3.5,2.6,1.9,6.5,14,5.4,4.1,5,15.8,8.3,5.8,3.4,2.1,5.8,11.5,5.1,3.7,4.9,13.6,7.2,5.9,3.4,2,7.2,16.8,5.7,4.7,5.1,18.1,9.3,5.7,3.4,2.2,4.5,9.1,3.6,3.5,5.4,6.2,4.8,4,3.1,2.2,5,8.4,4.3,3.7,4.9,7.6,5.4,4.3,3.4,2.2,4.2,9.7,3.1,3.3,5.8,5.4,4.4,3.7,2.8,2.2,3.1,6.9,2.6,2.4,3,8.5,3.8,3.1,2.2,1.9,3,6.2,2.5,2.3,3,8.2,3.8,3.1,2.1,1.9,3.2,7.7,2.7,2.5,2.9,8.6,3.9,3,2.3,1.9,258693000
2019-03-01,3.8,8.6,3.2,2.8,3.3,8.1,4.8,3.7,2.5,2,3.8,7.7,3.3,2.7,3.3,8.5,4.8,3.9,2.4,2,3.9,9.6,3.2,2.9,3.2,7.8,4.8,3.6,2.5,1.9,6.5,13.9,5.4,4.1,4.9,15.5,8.3,5.8,3.5,2.2,5.8,11.5,5.1,3.6,4.9,13.3,7.2,5.8,3.5,2.1,7.2,16.7,5.7,4.7,5,17.7,9.2,5.7,3.4,2.3,4.6,9.2,3.6,3.6,5.3,6.2,4.9,4,3.1,2.1,5,8.5,4.3,3.9,4.6,7.6,5.6,4.4,3.5,2.2,4.2,9.7,3.1,3.5,5.8,5.4,4.4,3.7,2.7,2.1,3.1,6.9,2.6,2.5,2.9,8.5,3.9,3.1,2.2,1.9,3,6.2,2.6,2.4,3,8.2,3.9,3.2,2.1,1.9,3.2,7.7,2.7,2.5,2.9,8.8,4,3,2.3,1.9,258537000
2019-02-01,3.9,8.6,3.2,2.8,3.3,8.1,4.9,3.7,2.5,2,3.8,7.7,3.3,2.7,3.4,8.5,4.8,3.9,2.4,2,3.9,9.5,3.2,2.9,3.2,7.8,4.9,3.5,2.5,1.9,6.5,13.7,5.4,4.3,5.1,15.5,8.3,5.7,3.5,2.3,5.9,11.4,5.2,3.7,5.2,13.4,7.3,5.8,3.5,2.2,7.1,16.3,5.7,4.9,4.9,17.7,9.1,5.6,3.3,2.6,4.6,9.2,3.6,3.8,5.3,6.2,5,4,3.3,2.2,5.1,8.5,4.4,4.1,4.7,7.5,5.7,4.3,3.7,2.3,4.3,9.7,3.1,3.6,5.7,5.4,4.5,3.7,2.8,2.1,3.2,6.9,2.7,2.5,2.9,8.6,4,3.1,2.2,1.9,3,6.2,2.6,2.4,3,8.2,3.9,3.2,2.1,1.9,3.3,7.6,2.7,2.6,2.8,8.9,4,3,2.3,1.9,258392000
2019-01-01,3.9,8.6,3.3,2.9,3.3,8.1,4.9,3.7,2.5,2,3.8,7.7,3.3,2.7,3.4,8.5,4.9,3.9,2.5,2.1,3.9,9.5,3.2,3,3.2,7.9,4.9,3.5,2.5,1.9,6.5,13.4,5.4,4.2,5.4,15.6,8.2,5.7,3.3,2.4,5.9,11,5.3,3.7,5.6,13.2,7.5,5.8,3.6,2.2,7,16.1,5.6,4.9,5.2,18.1,8.9,5.7,3,2.7,4.7,9.1,3.7,4,5.2,6.1,5,4.1,3.4,2.4,5.2,8.5,4.4,4.3,4.8,7.5,5.7,4.4,3.9,2.5,4.3,9.7,3.1,3.8,5.5,5.4,4.5,3.7,2.9,2.3,3.2,7,2.7,2.5,2.9,8.8,4.1,3.1,2.2,1.9,3,6.3,2.6,2.4,3,8.4,3.9,3.2,2.1,1.9,3.3,7.7,2.8,2.6,2.9,9,4.1,3,2.3,1.8,258239000
2018-12-01,3.9,8.6,3.3,2.9,3.3,8.1,5,3.7,2.5,2,3.8,7.7,3.4,2.7,3.3,8.5,5,3.9,2.4,2.1,3.9,9.5,3.2,3,3.2,7.8,5,3.6,2.5,1.9,6.5,13.5,5.5,4.2,5.3,15.6,8.4,5.8,3.3,2.6,6,11.2,5.4,3.7,5.5,13,7.7,5.8,3.7,2.3,7.1,16.1,5.7,4.7,5.1,18.3,9,5.7,2.8,3,4.7,9.1,3.7,4.2,5.1,6.1,5,4,3.4,2.4,5.1,8.4,4.4,4.3,4.5,7.5,5.6,4.3,4,2.7,4.3,9.7,3.1,4,5.5,5.4,4.6,3.7,2.8,2.1,3.2,7,2.7,2.5,2.9,8.7,4.1,3.1,2.2,1.8,3,6.3,2.6,2.4,2.9,8.6,4,3.2,2,1.8,3.3,7.7,2.8,2.6,2.9,8.8,4.2,3,2.3,1.8,258888000
2018-11-01,3.9,8.6,3.3,2.9,3.3,8.1,5,3.7,2.5,2,3.9,7.7,3.4,2.8,3.3,8.5,5,3.8,2.5,2.1,4,9.5,3.2,3,3.3,7.8,5,3.6,2.4,1.9,6.6,13.7,5.5,4.3,5.4,15.5,8.5,5.8,3.3,2.7,6,11.4,5.3,3.7,5.6,12.9,7.7,5.7,3.7,2.4,7.2,16.2,5.7,4.9,5.1,18.2,9.1,5.8,2.8,3.1,4.7,9.1,3.7,4.3,5,6.1,5.1,4,3.5,2.4,5.2,8.5,4.5,4.5,4.4,7.5,5.8,4.3,4.1,2.7,4.3,9.6,3.2,4.1,5.4,5.4,4.6,3.8,2.9,2,3.2,7,2.7,2.5,3,8.7,4.2,3.1,2.1,1.8,3,6.2,2.6,2.4,3,8.7,4,3.2,2,1.8,3.3,7.8,2.8,2.6,3,8.7,4.3,3,2.3,1.8,258708000
2018-10-01,4,8.7,3.3,2.9,3.3,8.1,5.1,3.8,2.4,2,3.9,7.7,3.4,2.8,3.3,8.5,5.2,3.8,2.4,2.1,4,9.7,3.2,3.1,3.3,7.9,5.1,3.7,2.4,1.9,6.7,14,5.6,4.4,5.3,15.7,8.6,5.9,3.3,2.7,6.1,11.6,5.4,3.7,5.6,13,8,5.8,3.8,2.3,7.3,16.5,5.8,5.3,5,18.6,9.2,6.1,2.8,3.2,4.7,9.2,3.8,4.3,5,6,5.2,4.1,3.4,2.4,5.3,8.6,4.5,4.5,4.5,7.3,6.1,4.3,4,2.6,4.4,9.7,3.2,4.1,5.4,5.3,4.7,3.9,2.8,2.1,3.2,7.2,2.7,2.5,3,8.9,4.2,3.1,2.1,1.8,3,6.2,2.6,2.4,3,8.7,4.1,3.1,2,1.8,3.4,8.1,2.8,2.6,3,9,4.3,3.1,2.3,1.8,258514000
2018-09-01,4,8.8,3.3,2.9,3.4,8.2,5.1,3.8,2.4,2,3.9,7.7,3.4,2.8,3.3,8.5,5.2,3.9,2.5,2.1,4,9.8,3.2,3.1,3.4,8,5.1,3.8,2.4,1.9,6.8,14.1,5.7,4.5,5.3,15.7,8.8,6,3.4,2.7,6.2,11.8,5.6,3.7,5.2,12.6,8.3,5.8,3.8,2.4,7.4,16.6,5.9,5.4,5.3,19.1,9.2,6.2,2.9,3.2,4.8,9.3,3.8,4.3,5.3,6.1,5.3,4.2,3.4,2.3,5.3,8.6,4.6,4.6,4.8,7.5,6,4.4,4.1,2.6,4.4,9.9,3.2,4,5.7,5.3,4.8,4,2.6,2,3.2,7.2,2.7,2.5,3,8.9,4.2,3.1,2.1,1.8,3,6.1,2.6,2.4,3,8.8,4,3.2,2,1.8,3.4,8.2,2.8,2.7,3,9.1,4.3,3.1,2.3,1.8,258290000
2018-08-01,4,8.8,3.4,3,3.3,8.3,5.2,3.9,2.5,2,4,7.7,3.5,2.8,3.3,8.6,5.2,3.9,2.5,2.1,4.1,9.9,3.3,3.2,3.4,8,5.2,3.8,2.5,1.9,6.9,14.5,5.8,4.5,5.1,16,8.9,6.1,3.4,2.7,6.3,12,5.7,3.7,5.1,13.1,8.4,5.8,3.8,2.5,7.6,17.2,5.9,5.4,5.1,19,9.4,6.4,2.9,3.1,4.8,9.4,3.8,4.2,5.2,6.1,5.3,4.3,3.4,2.2,5.4,8.6,4.7,4.7,4.8,7.6,6.2,4.5,4.1,2.4,4.4,10,3.2,3.8,5.5,5.3,4.8,4,2.8,2.1,3.3,7.2,2.7,2.6,3,9,4.2,3.2,2.2,1.8,3.1,6.1,2.7,2.4,3,8.7,4.1,3.2,2,1.8,3.4,8.2,2.8,2.7,3,9.1,4.4,3.2,2.3,1.8,258066000
2018-07-01,4.1,8.9,3.4,3,3.3,8.3,5.3,3.9,2.5,2,4,7.8,3.6,2.8,3.3,8.8,5.3,3.9,2.5,2.1,4.1,10,3.3,3.2,3.4,8.1,5.3,3.8,2.5,1.9,7,14.6,5.9,4.5,5,16.1,9.1,6.1,3.4,2.7,6.4,12,5.8,3.7,4.8,13.6,8.6,5.8,3.7,2.5,7.7,17.4,6.1,5.5,5.1,18.6,9.6,6.5,3,3.1,4.9,9.5,3.9,4.2,5.1,6.1,5.4,4.3,3.5,2.3,5.3,8.7,4.6,4.6,4.7,7.4,6.2,4.5,4,2.4,4.5,10.2,3.3,3.9,5.4,5.4,4.9,4,3,2.2,3.3,7.2,2.8,2.6,2.9,9.1,4.3,3.2,2.2,1.8,3.1,6.2,2.7,2.4,2.9,8.9,4.1,3.2,2.1,1.8,3.4,8.2,2.8,2.8,2.9,9.2,4.4,3.2,2.3,1.8,257843000
2018-06-01,4.1,8.9,3.5,3,3.3,8.5,5.3,3.9,2.5,2,4,7.8,3.6,2.9,3.3,8.9,5.3,3.9,2.6,2,4.2,10,3.4,3.2,3.3,8.2,5.3,3.9,2.5,2,7.1,14.6,6,4.6,4.8,16.6,9.2,6,3.5,2.7,6.4,12,5.9,3.5,5,14.1,8.6,5.7,3.8,2.5,7.8,17.4,6.2,5.7,4.6,19.3,9.7,6.5,3.2,3,4.9,9.4,4,4.2,4.9,6.2,5.4,4.3,3.6,2.4,5.4,8.8,4.7,4.6,4.4,7.4,6.2,4.5,4.1,2.6,4.6,10,3.5,3.8,5.2,5.5,4.9,4.1,3.2,2.2,3.3,7.3,2.8,2.6,2.9,9.2,4.4,3.3,2.2,1.7,3.2,6.2,2.8,2.5,2.9,9.1,4.1,3.3,2.1,1.7,3.5,8.3,2.9,2.8,2.9,9.2,4.5,3.2,2.3,1.8,257642000
2018-05-01,4.1,9,3.5,3,3.3,8.6,5.4,3.9,2.5,2,4.1,7.9,3.6,2.9,3.4,9,5.4,4,2.6,2,4.2,10,3.4,3.2,3.2,8.3,5.3,3.9,2.5,2,7.1,14.6,6.1,4.5,4.8,16.6,9.2,6.1,3.6,2.7,6.5,12.2,5.9,3.5,5,14.3,8.7,5.8,3.8,2.5,7.8,17.3,6.2,5.6,4.6,19.1,9.7,6.4,3.4,3,5,9.4,4,4.2,4.8,6.2,5.5,4.3,3.6,2.5,5.4,8.9,4.7,4.6,4.5,7.5,6.3,4.6,4.1,2.5,4.6,9.9,3.5,3.8,5,5.6,4.9,4.1,3.1,2.4,3.3,7.3,2.8,2.6,2.9,9.4,4.4,3.3,2.2,1.7,3.2,6.2,2.8,2.5,3,9.2,4.2,3.3,2.1,1.7,3.5,8.4,2.9,2.8,2.8,9.5,4.5,3.3,2.3,1.7,257454000
2018-04-01,4.2,9,3.6,3.1,3.3,8.7,5.4,4,2.6,2,4.1,7.9,3.7,2.9,3.5,9.2,5.5,4.1,2.6,2.1,4.2,10,3.5,3.2,3.2,8.3,5.4,3.9,2.5,2,7.3,14.8,6.2,4.7,4.7,17,9.4,6.2,3.7,2.8,6.7,12.5,6.1,3.7,5,14.8,8.9,6.1,3.9,2.5,7.9,17.3,6.3,5.8,4.3,19.2,9.8,6.4,3.4,3.3,5,9.4,4.1,4.1,4.5,6.2,5.5,4.4,3.6,2.4,5.5,9,4.8,4.6,4.2,7.6,6.3,4.7,4.1,2.4,4.6,9.7,3.6,3.8,4.8,5.4,5,4.1,3.1,2.5,3.4,7.3,2.9,2.6,3,9.5,4.4,3.3,2.2,1.7,3.2,6.2,2.8,2.5,3.2,9.3,4.3,3.4,2.1,1.7,3.5,8.4,2.9,2.7,2.8,9.6,4.5,3.3,2.2,1.7,257272000
2018-03-01,4.2,9,3.6,3.1,3.4,8.8,5.4,4,2.6,2,4.2,8,3.8,2.9,3.6,9.4,5.5,4.1,2.7,2.1,4.3,10,3.5,3.2,3.2,8.4,5.4,3.9,2.5,2,7.4,14.8,6.3,4.8,4.7,17.4,9.4,6.3,3.7,2.9,6.8,12.4,6.3,3.8,5.3,14.7,9.1,6.2,3.9,2.6,7.9,17.5,6.3,5.9,3.9,20.1,9.7,6.3,3.5,3.3,5,9.4,4.1,4.2,4.6,6.2,5.6,4.3,3.7,2.5,5.5,9.2,4.8,4.6,4.5,7.8,6.3,4.6,4.2,2.5,4.6,9.6,3.6,3.9,4.7,5.4,5.1,4.1,3.2,2.5,3.4,7.4,2.9,2.6,3,9.7,4.4,3.4,2.2,1.7,3.3,6.3,2.9,2.5,3.3,9.6,4.3,3.4,2.2,1.7,3.5,8.5,2.9,2.7,2.9,9.7,4.5,3.4,2.2,1.7,257097000
2018-02-01,4.3,9.1,3.6,3.1,3.5,8.9,5.5,4,2.6,2,4.2,8,3.8,2.9,3.7,9.5,5.6,4.1,2.7,2.1,4.3,10.1,3.5,3.2,3.3,8.5,5.4,4,2.6,2,7.5,15,6.4,4.9,4.4,17.5,9.5,6.4,3.8,2.9,6.9,12.3,6.4,3.9,4.9,14.7,9.1,6.3,4,2.7,8.1,17.9,6.5,5.9,3.7,20.4,9.9,6.5,3.7,3.2,5,9.4,4.1,4,4.6,6.3,5.6,4.3,3.6,2.3,5.5,9.4,4.8,4.3,4.4,7.9,6.4,4.7,4,2.2,4.6,9.4,3.6,3.8,4.8,5.4,5,4,3.2,2.3,3.4,7.5,2.9,2.6,3.2,9.8,4.5,3.4,2.3,1.7,3.3,6.3,2.9,2.5,3.4,9.6,4.4,3.4,2.3,1.7,3.6,8.6,2.9,2.7,3,9.9,4.5,3.4,2.2,1.8,256934000
2018-01-01,4.3,9.2,3.7,3.1,3.6,9,5.5,4.1,2.7,2,4.2,8.1,3.8,3,3.8,9.6,5.6,4.1,2.7,2.1,4.3,10.2,3.6,3.1,3.4,8.6,5.4,4.1,2.6,2,7.6,15.1,6.5,5,4.1,17.8,9.6,6.5,3.9,2.9,7,12.4,6.4,4.1,4.6,15.2,9,6.3,4,2.7,8.3,18.1,6.7,6,3.4,20.4,10,6.7,3.9,3.2,5.1,9.5,4.2,3.9,4.8,6.4,5.7,4.4,3.6,2.1,5.6,9.4,4.9,4.2,4.3,8,6.5,4.7,4,2.1,4.7,9.5,3.7,3.6,5.1,5.6,5.1,4,3.2,2.1,3.5,7.5,3,2.6,3.3,9.8,4.5,3.4,2.3,1.7,3.3,6.3,2.9,2.6,3.5,9.7,4.5,3.4,2.3,1.7,3.6,8.6,3,2.7,3.1,9.9,4.5,3.5,2.2,1.8,256780000
2017-12-01,4.4,9.2,3.7,3.1,3.6,9.2,5.6,4.1,2.7,2,4.3,8.1,3.9,3.1,3.8,9.8,5.7,4.2,2.8,2.1,4.4,10.3,3.6,3.1,3.4,8.7,5.5,4.1,2.6,2,7.6,15,6.6,5,4.1,18.1,9.5,6.4,4,3,6.9,12.2,6.4,4.3,4.7,15.5,8.9,6.2,4.1,2.8,8.3,18,6.7,5.8,3.3,20.7,10,6.6,3.9,3.3,5.1,9.6,4.3,3.9,4.8,6.6,5.7,4.4,3.7,2.1,5.7,9.6,5,4.4,4.6,8.3,6.7,4.8,4,1.9,4.7,9.6,3.8,3.5,5,5.7,5,4.1,3.4,2.2,3.5,7.6,3,2.7,3.3,9.9,4.6,3.5,2.3,1.8,3.4,6.4,3,2.7,3.6,9.7,4.6,3.5,2.4,1.8,3.6,8.8,3,2.7,3.1,10,4.6,3.5,2.2,1.8,256109000
2017-11-01,4.4,9.3,3.8,3.1,3.6,9.3,5.6,4.2,2.7,2.1,4.3,8.1,3.9,3.1,3.9,9.9,5.7,4.2,2.8,2.1,4.5,10.4,3.7,3.1,3.4,8.9,5.6,4.2,2.6,2,7.6,15,6.7,4.9,4.1,18.4,9.5,6.4,4.1,3,7.1,12.1,6.6,4.4,4.8,16.1,9,6.3,4.3,2.7,8.3,18,6.8,5.5,3.4,20.8,10,6.6,3.9,3.3,5.2,9.8,4.3,3.9,5,6.7,5.8,4.5,3.7,2,5.8,9.7,5,4.4,4.7,8.3,6.8,4.8,3.9,1.8,4.8,9.9,3.8,3.5,5.2,5.8,5.1,4.1,3.4,2.2,3.6,7.6,3.1,2.7,3.3,10,4.7,3.5,2.3,1.8,3.4,6.4,3,2.7,3.6,9.7,4.6,3.5,2.4,1.9,3.7,8.8,3.1,2.7,3.1,10.1,4.7,3.6,2.3,1.8,255949000
2017-10-01,4.4,9.3,3.8,3.1,3.7,9.4,5.7,4.2,2.8,2.1,4.4,8.1,4,3.1,4,10.1,5.8,4.2,2.9,2.2,4.5,10.5,3.8,3.2,3.5,9,5.6,4.2,2.7,2,7.7,15.1,6.7,4.9,4.4,18.7,9.6,6.4,4.1,2.9,7.1,12.3,6.6,4.6,5.3,16.4,9.1,6.4,4.3,2.7,8.3,18.1,6.8,5.2,3.3,20.9,10,6.5,3.9,3.2,5.3,9.9,4.4,4,4.9,6.9,5.8,4.5,3.7,2.1,5.8,9.7,5,4.4,4.8,8.5,6.7,4.8,3.9,1.9,4.9,10.1,3.9,3.7,5,6.1,5.2,4.2,3.5,2.2,3.6,7.6,3.1,2.7,3.4,10,4.7,3.6,2.4,1.8,3.5,6.3,3.1,2.7,3.7,9.9,4.6,3.5,2.4,1.9,3.7,8.8,3.2,2.7,3.2,10.1,4.7,3.7,2.3,1.7,255766000
2017-09-01,4.5,9.4,3.9,3.2,3.7,9.6,5.8,4.2,2.8,2.1,4.4,8.2,4,3.2,4,10.4,5.9,4.2,2.9,2.2,4.6,10.6,3.8,3.2,3.5,9.1,5.7,4.2,2.8,2,7.7,15.3,6.7,4.9,4.4,19.1,9.6,6.4,4.1,2.9,7.2,12.7,6.6,4.8,5.4,17.4,9,6.5,4.3,2.8,8.3,18.2,6.8,5.1,3.3,20.7,10.2,6.4,3.9,3.1,5.4,10,4.4,4.1,4.9,6.9,6,4.5,3.8,2.2,5.8,9.7,5.1,4.5,4.6,8.5,6.8,4.8,3.9,2.2,5,10.3,4,3.8,5.1,6.1,5.4,4.2,3.7,2.3,3.7,7.7,3.2,2.8,3.4,10.4,4.8,3.6,2.4,1.8,3.5,6.4,3.2,2.8,3.7,10.3,4.7,3.5,2.5,1.9,3.8,8.9,3.2,2.8,3.2,10.4,4.8,3.7,2.4,1.8,255562000
2017-08-01,4.6,9.5,4,3.2,3.8,9.8,5.9,4.3,2.8,2.1,4.5,8.3,4.1,3.2,4,10.6,5.9,4.3,2.9,2.2,4.6,10.7,3.9,3.2,3.6,9.3,5.8,4.2,2.8,2,7.8,15.5,6.8,4.9,4.4,19.5,9.7,6.5,4.1,3,7.3,12.8,6.7,4.8,5.3,17.9,9.1,6.6,4.2,2.8,8.4,18.3,6.9,5.1,3.4,21.1,10.2,6.4,3.9,3.3,5.5,10.2,4.5,4.3,4.9,7.1,6.1,4.7,3.7,2.4,5.9,10,5.2,4.5,4.2,8.6,7,4.9,3.8,2.4,5.1,10.4,4.1,4.2,5.4,6.3,5.6,4.4,3.6,2.3,3.7,7.8,3.2,2.8,3.5,10.5,4.9,3.6,2.5,1.8,3.6,6.5,3.2,2.8,3.7,10.5,4.8,3.5,2.5,1.9,3.9,8.9,3.3,2.8,3.3,10.5,4.9,3.7,2.5,1.7,255357000
2017-07-01,4.6,9.6,4,3.2,3.8,9.9,5.9,4.3,2.9,2.1,4.5,8.4,4.1,3.2,4.1,10.8,5.9,4.3,2.9,2.2,4.7,10.8,3.9,3.3,3.6,9.4,5.9,4.3,2.8,2,7.9,15.6,6.8,4.9,4.9,20,9.6,6.6,4.2,3,7.4,12.8,6.7,4.8,5.7,18.3,9,6.7,4.3,2.8,8.4,18.5,6.9,5,3.9,21.6,10.1,6.4,4,3.2,5.5,10.3,4.5,4.4,4.8,7.2,6.1,4.8,3.7,2.3,6,10.1,5.2,4.7,4.4,8.8,7,5,4,2.3,5.1,10.5,4,4.3,5.2,6.3,5.5,4.5,3.5,2.3,3.8,7.9,3.3,2.8,3.6,10.6,4.9,3.6,2.5,1.9,3.6,6.5,3.2,2.8,3.8,10.6,4.8,3.5,2.5,1.9,3.9,9.2,3.3,2.8,3.4,10.6,5,3.7,2.5,1.8,255151000
2017-06-01,4.7,9.8,4,3.3,3.9,10,6,4.4,2.9,2.1,4.6,8.5,4.1,3.2,4.2,11,6,4.3,2.9,2.3,4.7,11,3.9,3.4,3.7,9.3,5.9,4.4,2.8,2,7.9,15.9,6.8,4.9,5.1,19.9,9.7,6.7,4.1,3,7.5,13.2,6.8,4.9,5.8,18.2,9.3,6.8,4.2,2.9,8.5,18.8,6.9,5,4.3,21.6,10.1,6.5,4,3.2,5.5,10.4,4.5,4.6,4.9,7.2,6.1,4.9,3.7,2.4,6,10,5.2,4.8,4.4,8.9,6.9,5.1,4,2.4,5.2,10.8,4,4.5,5.4,6.2,5.6,4.7,3.4,2.4,3.8,8.1,3.3,2.8,3.7,10.8,5,3.7,2.5,1.9,3.6,6.7,3.2,2.7,4,11.1,4.8,3.5,2.5,2,4,9.3,3.4,2.9,3.4,10.6,5.1,3.8,2.6,1.8,254957000
2017-05-01,4.7,10,4.1,3.3,4,10.1,6,4.4,2.9,2.2,4.6,8.7,4.2,3.1,4.2,11.2,6,4.4,2.9,2.3,4.8,11.2,3.9,3.4,3.8,9.5,6,4.4,2.9,2,8.1,16.4,6.9,5,5.3,20.5,10,6.7,4.1,3,7.5,13.5,6.8,4.7,6.1,18.5,9.5,6.7,4.2,3,8.7,19.5,7,5.3,4.5,22.3,10.3,6.7,4.1,3,5.6,10.6,4.6,4.5,4.9,7.3,6.1,5,3.7,2.5,6.1,10,5.4,4.6,4.2,9,6.9,5.2,4,2.4,5.3,11,4.1,4.5,5.4,6.4,5.6,4.8,3.5,2.5,3.8,8.1,3.3,2.9,3.7,10.9,5,3.7,2.5,1.9,3.6,6.9,3.2,2.7,4,11.4,4.9,3.6,2.5,2,4,9.3,3.4,3,3.5,10.5,5.1,3.8,2.6,1.8,254767000
2017-04-01,4.7,10.1,4.1,3.3,3.9,10.3,6.1,4.4,2.9,2.2,4.7,8.9,4.2,3.1,4.2,11.4,6.1,4.4,2.9,2.3,4.8,11.3,4,3.5,3.8,9.5,6.1,4.5,2.9,2,8.1,16.7,6.9,5,5.3,20.5,10.1,6.7,4.2,2.9,7.6,14,6.8,4.7,6,19,9.7,6.6,4.2,3,8.7,19.6,7,5.4,4.5,21.9,10.5,6.8,4.2,2.7,5.7,10.7,4.6,4.5,5,7.4,6.1,5,3.7,2.5,6.1,10.2,5.4,4.5,4.3,9.2,6.9,5.3,3.9,2.6,5.3,11.2,4.1,4.5,5.5,6.5,5.6,4.8,3.5,2.4,3.9,8.3,3.3,2.9,3.7,11,5.1,3.7,2.6,1.9,3.7,7.1,3.2,2.7,4,11.6,4.9,3.6,2.5,2,4,9.4,3.4,3.1,3.4,10.6,5.2,3.8,2.6,1.9,254588000
2017-03-01,4.8,10.2,4.1,3.4,3.9,10.3,6.2,4.5,2.9,2.2,4.7,9.1,4.2,3.2,4.1,11.5,6.1,4.4,2.9,2.3,4.9,11.3,4,3.6,3.8,9.6,6.2,4.5,2.9,2,8.3,17.1,7,5,5.4,20.5,10.4,6.8,4.1,3,7.7,14.6,6.8,4.5,5.6,19.6,9.8,6.6,4.1,3.1,8.9,19.8,7.2,5.5,5.1,21.4,10.9,7,4.2,2.9,5.7,10.9,4.7,4.6,5,7.5,6.2,5.1,3.6,2.5,6.2,10.4,5.5,4.7,4.1,9.3,7,5.5,3.8,2.5,5.4,11.3,4.2,4.5,5.6,6.6,5.8,4.8,3.5,2.5,3.9,8.3,3.3,3,3.7,11,5.1,3.7,2.6,1.9,3.7,7.2,3.2,2.8,4,11.6,4.9,3.6,2.5,2,4.1,9.3,3.4,3.2,3.4,10.5,5.2,3.9,2.7,1.8,254414000
2017-02-01,4.8,10.4,4.1,3.5,3.9,10.4,6.2,4.5,2.9,2.2,4.8,9.2,4.2,3.3,4,11.6,6.2,4.5,2.9,2.4,4.9,11.4,4,3.6,3.8,9.6,6.3,4.5,2.9,2,8.4,17.5,7,5,5.5,20.7,10.4,6.9,4,3.2,7.8,15,6.9,4.6,5.5,19.6,9.7,6.8,4.1,3.3,9,20.2,7.2,5.4,5.4,21.8,11.1,6.9,4,3,5.8,11,4.7,4.8,5,7.6,6.4,5.1,3.6,2.5,6.3,10.4,5.5,4.9,4.1,9.4,7.1,5.5,3.8,2.5,5.4,11.4,4.1,4.6,5.6,6.6,5.9,4.7,3.3,2.6,3.9,8.4,3.4,3.1,3.6,10.9,5.2,3.8,2.6,2,3.7,7.3,3.3,2.8,3.9,11.6,5,3.6,2.5,2.1,4.1,9.4,3.5,3.3,3.4,10.5,5.3,4,2.7,1.8,254246000
2017-01-01,4.9,10.4,4.1,3.5,3.8,10.3,6.3,4.5,2.9,2.2,4.8,9.3,4.3,3.3,3.9,11.6,6.2,4.5,2.9,2.4,4.9,11.4,4,3.7,3.7,9.6,6.3,4.6,2.9,2.1,8.4,17.5,7.1,5.1,5.6,20.6,10.6,6.9,4.1,3.3,7.9,15,6.9,4.7,5.5,19.4,9.8,6.8,4.2,3.4,9,20.1,7.2,5.6,5.8,21.9,11.2,6.9,3.9,3.2,5.8,11,4.7,4.9,4.8,7.5,6.4,5.1,3.5,2.6,6.3,10.4,5.5,5,3.9,9.4,7.2,5.4,3.8,2.4,5.4,11.5,4.1,4.8,5.5,6.5,5.9,4.9,3.2,2.9,4,8.5,3.4,3.1,3.5,10.9,5.2,3.8,2.6,2,3.8,7.5,3.3,2.8,3.8,11.7,5,3.7,2.5,2.1,4.1,9.4,3.5,3.3,3.3,10.5,5.3,4,2.7,1.9,254082000
2016-12-01,4.9,10.4,4.2,3.6,3.8,10.3,6.3,4.6,2.9,2.2,4.8,9.3,4.3,3.3,3.9,11.6,6.2,4.6,2.9,2.4,4.9,11.4,4,3.8,3.8,9.5,6.3,4.6,2.9,2.1,8.5,17.4,7.2,5.3,5.7,20.6,10.7,7,4.1,3.5,8,14.9,7.1,4.8,5.4,19.3,9.9,6.9,4.3,3.5,9.1,20.2,7.3,5.8,6.1,21.8,11.3,7,3.8,3.5,5.8,10.9,4.7,4.9,4.7,7.4,6.4,5.2,3.5,2.7,6.3,10.3,5.5,4.9,3.5,9.3,7,5.5,3.8,2.5,5.4,11.5,4.1,5,5.6,6.4,6,4.9,3.2,2.9,4,8.5,3.4,3.1,3.6,11,5.2,3.9,2.6,1.9,3.8,7.6,3.3,2.8,3.9,11.7,5,3.7,2.5,2,4.1,9.4,3.5,3.3,3.3,10.5,5.2,4,2.7,1.8,254742000
2016-11-01,4.9,10.5,4.2,3.5,3.8,10.3,6.3,4.6,2.9,2.2,4.8,9.5,4.3,3.2,3.9,11.5,6.3,4.6,2.9,2.3,5,11.5,4.1,3.8,3.7,9.5,6.4,4.6,2.9,2.1,8.6,17.5,7.3,5.3,5.7,20.2,10.8,7.1,4,3.6,8,15.1,7.2,4.7,5.4,18.7,10.1,7.1,4.2,3.6,9.2,20.1,7.4,5.9,6.2,21.7,11.4,7.1,3.8,3.6,5.8,10.9,4.7,5,4.6,7.3,6.4,5.2,3.6,2.8,6.3,10.3,5.6,4.7,3.5,9.3,6.9,5.6,4.1,2.5,5.4,11.5,4.1,5.2,5.4,6.3,6.1,4.9,3.2,3.1,4,8.7,3.4,3.1,3.5,11,5.2,3.8,2.6,1.9,3.8,7.8,3.3,2.8,3.9,11.8,5,3.7,2.5,2,4.1,9.5,3.5,3.3,3.3,10.5,5.3,4,2.7,1.9,254540000
2016-10-01,4.9,10.6,4.2,3.6,3.8,10.2,6.4,4.7,2.9,2.3,4.8,9.6,4.3,3.3,3.9,11.4,6.3,4.7,3,2.4,5,11.6,4.1,3.8,3.7,9.4,6.5,4.6,2.9,2.1,8.7,17.6,7.4,5.3,5.7,20,11.1,7.2,4.1,3.8,8.1,15.1,7.3,4.7,5,18.5,10.2,7.1,4.3,3.7,9.4,20.5,7.6,6,6.5,21.5,11.8,7.3,3.8,3.9,5.9,11,4.8,5,4.5,7.3,6.5,5.4,3.6,2.7,6.4,10.4,5.7,4.8,3.4,9.3,7.1,5.8,4.1,2.5,5.4,11.5,4.1,5.1,5.4,6.2,6.2,4.9,3.2,3,4,8.7,3.4,3.1,3.5,10.9,5.2,3.9,2.6,1.9,3.8,7.9,3.2,2.8,3.8,11.6,5.1,3.7,2.5,2,4.1,9.5,3.5,3.3,3.3,10.4,5.3,4,2.7,1.9,254321000
2016-09-01,4.9,10.7,4.2,3.6,3.7,10.2,6.4,4.7,2.9,2.3,4.9,9.7,4.3,3.3,3.8,11.4,6.4,4.7,3,2.4,5,11.6,4.1,3.8,3.6,9.5,6.4,4.7,2.8,2.2,8.8,17.7,7.5,5.3,5.5,19.9,11.2,7.3,4.2,3.9,8.2,15.2,7.4,4.5,4.9,18.1,10.4,7.2,4.5,3.7,9.5,20.5,7.7,6.1,6.3,21.6,11.9,7.4,3.8,4,5.9,11.2,4.8,5,4.4,7.4,6.5,5.4,3.7,2.6,6.5,10.8,5.8,4.9,3.3,9.4,7.1,6,4.3,2.3,5.4,11.5,4.1,5.1,5.3,6.3,6.1,4.8,3.1,3,4,8.7,3.4,3.1,3.4,10.8,5.2,3.9,2.6,1.9,3.8,7.9,3.2,2.9,3.8,11.5,5.1,3.7,2.5,2,4.1,9.5,3.5,3.3,3.2,10.3,5.3,4.1,2.6,1.9,254091000
2016-08-01,4.9,10.7,4.2,3.6,3.8,10.2,6.4,4.7,2.9,2.2,4.9,9.7,4.3,3.3,3.9,11.4,6.4,4.7,3.1,2.3,5,11.7,4.1,3.8,3.7,9.4,6.4,4.7,2.8,2.2,8.9,17.9,7.6,5.4,5.8,19.7,11.4,7.4,4.3,3.8,8.3,15.6,7.5,4.6,5.2,18.1,10.7,7.3,4.7,3.7,9.5,20.6,7.7,6.2,6.4,21.4,12,7.5,3.9,4,5.9,11.1,4.8,5,4.6,7.4,6.5,5.4,3.8,2.6,6.5,10.9,5.7,4.9,3.6,9.4,7.1,6,4.4,2.1,5.4,11.3,4.1,5,5.4,6.3,6.1,4.8,3.2,3,4,8.8,3.4,3.1,3.4,10.7,5.2,3.9,2.6,1.9,3.8,7.9,3.2,2.9,3.8,11.4,5.1,3.7,2.6,1.9,4.1,9.7,3.5,3.3,3.2,10.3,5.3,4.1,2.5,1.9,253854000
2016-07-01,5,10.8,4.2,3.6,3.7,10.3,6.5,4.7,2.9,2.2,4.9,9.8,4.3,3.4,3.8,11.5,6.5,4.7,3,2.3,5,11.7,4.1,3.8,3.7,9.5,6.5,4.7,2.8,2.1,9,18.2,7.7,5.6,5.6,20,11.6,7.5,4.4,3.9,8.4,16,7.5,4.8,5.1,18.3,11,7.2,4.8,3.6,9.7,20.7,7.9,6.5,6.3,21.8,12.1,7.8,3.9,4.3,6,11.3,4.8,5,4.7,7.5,6.6,5.4,3.7,2.5,6.7,11.1,5.8,5.1,3.6,9.6,7.3,6.1,4.4,2.2,5.4,11.4,4.2,5,5.5,6.4,6.2,4.8,3.1,2.9,4,8.8,3.3,3.1,3.4,10.7,5.2,3.9,2.5,1.9,3.8,7.8,3.2,2.9,3.7,11.4,5.1,3.7,2.6,1.9,4.1,9.6,3.4,3.3,3.2,10.3,5.3,4.1,2.5,1.9,253620000
2016-06-01,5,10.9,4.2,3.6,3.7,10.4,6.5,4.7,2.9,2.2,5,9.9,4.4,3.4,3.8,11.6,6.6,4.7,3.1,2.2,5,11.8,4.1,3.8,3.6,9.6,6.5,4.7,2.8,2.1,9.1,18.2,7.8,5.6,5.5,20.3,11.7,7.4,4.4,3.9,8.5,16.2,7.6,4.7,5.2,19.1,11.1,7.2,4.9,3.5,9.7,20.5,8,6.5,5.9,21.6,12.3,7.7,3.9,4.6,6.1,11.4,5,5.1,4.7,7.7,6.8,5.4,3.7,2.5,6.8,11.2,6,5.3,3.6,9.9,7.6,6.1,4.2,2.2,5.6,11.6,4.3,5,5.5,6.6,6.3,4.8,3.3,2.9,4,8.8,3.4,3.1,3.3,10.7,5.2,3.9,2.6,1.9,3.8,7.8,3.3,3,3.6,11.3,5.1,3.8,2.6,1.9,4.1,9.7,3.4,3.3,3.1,10.3,5.3,4.1,2.5,1.8,253397000
2016-05-01,5,11,4.3,3.7,3.7,10.4,6.6,4.8,2.9,2.2,5,10,4.4,3.4,3.8,11.6,6.6,4.8,3.1,2.3,5.1,11.9,4.1,3.8,3.5,9.6,6.6,4.8,2.7,2.1,9.1,18.3,7.8,5.6,5.7,20.3,11.8,7.6,4.4,4.1,8.6,16.6,7.6,4.8,5.3,19.5,11.2,7.4,4.8,3.5,9.8,20.2,8.1,6.5,6.1,21.1,12.3,7.9,3.8,5,6.2,11.7,5,5.3,4.7,7.8,6.9,5.4,3.8,2.5,6.8,11.4,5.9,5.2,3.6,9.9,7.7,6,4.2,2.2,5.7,11.9,4.4,5.3,5.6,6.7,6.5,4.9,3.3,2.9,4,8.9,3.4,3.1,3.3,10.7,5.2,4,2.5,1.9,3.8,7.8,3.3,3,3.6,11.1,5.1,3.8,2.6,1.9,4.1,9.9,3.4,3.3,3,10.4,5.3,4.1,2.5,1.8,253174000
2016-04-01,5.1,11.1,4.3,3.7,3.7,10.5,6.7,4.8,2.9,2.2,5,10.1,4.5,3.5,3.8,11.7,6.7,4.8,3.2,2.3,5.1,12.2,4.2,3.9,3.6,9.8,6.7,4.8,2.7,2.1,9.3,18.6,8,5.7,6,20.9,11.9,7.7,4.5,4.2,8.7,16.7,7.7,4.8,5.6,19.9,11.2,7.4,4.8,3.6,10,20.6,8.3,6.7,6.4,21.9,12.6,8.1,4,5.2,6.3,11.8,5.1,5.3,4.7,7.9,7.1,5.5,3.9,2.5,6.8,11.3,6,5.2,3.4,9.8,7.7,6,4.4,2,5.8,12.3,4.5,5.4,5.7,6.8,6.7,5,3.4,3,4,9,3.4,3.2,3.3,10.7,5.3,4,2.6,1.9,3.9,7.9,3.3,3.1,3.6,11,5.2,3.9,2.7,2,4.1,10.1,3.4,3.2,3.1,10.6,5.3,4.1,2.5,1.8,252969000
2016-03-01,5.1,11.2,4.3,3.7,3.7,10.6,6.7,4.9,3,2.2,5.1,10.1,4.5,3.5,3.8,11.7,6.7,4.9,3.2,2.3,5.2,12.3,4.2,3.9,3.7,9.9,6.7,4.9,2.7,2.2,9.3,18.4,8,5.8,6.4,21,11.9,7.8,4.4,4.3,8.8,16.7,7.8,5.1,6.2,20,11.4,7.5,4.9,3.6,10,20.3,8.3,6.8,6.7,22,12.4,8.2,3.8,5.3,6.3,11.9,5.2,5.3,4.8,7.9,7.1,5.5,4,2.6,6.9,11.2,6.1,5,3.3,9.8,7.8,6,4.5,2.1,5.9,12.5,4.5,5.5,6,7,6.7,5.1,3.5,3,4.1,9.1,3.4,3.2,3.3,10.8,5.3,4.1,2.6,1.9,3.9,7.9,3.4,3.1,3.6,11,5.2,4,2.7,2,4.2,10.3,3.4,3.2,3.1,10.7,5.4,4.2,2.5,1.8,252768000
2016-02-01,5.2,11.3,4.4,3.7,3.7,10.7,6.7,5,3,2.2,5.1,10.2,4.5,3.5,3.8,11.8,6.7,4.9,3.1,2.3,5.2,12.4,4.3,3.9,3.7,10,6.7,5,2.8,2.2,9.4,18.4,8.1,5.9,6.7,21.2,12,7.9,4.5,4.2,8.8,16.8,7.8,5,6.5,20.6,11.5,7.5,4.9,3.6,10.1,20.2,8.3,7,7,21.8,12.4,8.4,3.9,5.2,6.4,12.1,5.2,5.3,5,8,7.2,5.7,4,2.7,7,11.4,6.1,5.2,3.5,9.9,7.9,6.1,4.4,2.3,6,12.6,4.6,5.5,6.2,7.1,6.7,5.3,3.6,3.1,4.1,9.3,3.4,3.2,3.2,11,5.3,4.1,2.6,1.9,3.9,8,3.4,3.1,3.5,11.3,5.1,4,2.7,1.9,4.2,10.5,3.5,3.2,3,10.8,5.4,4.2,2.5,1.8,252577000
2016-01-01,5.2,11.5,4.4,3.7,3.8,10.8,6.7,5,3,2.2,5.1,10.3,4.5,3.5,3.9,11.9,6.7,5,3.1,2.3,5.3,12.6,4.3,3.9,3.8,10.1,6.8,5,2.8,2.2,9.5,18.9,8.1,5.8,7.1,21.5,12,8.1,4.4,4.3,8.9,17.2,7.9,4.8,7,21.1,11.5,7.7,4.8,3.6,10.2,20.7,8.4,7,7.2,22,12.5,8.6,3.8,5.3,6.5,12.2,5.4,5.3,5.3,8.2,7.3,5.7,4.1,2.8,7,11.5,6.2,5.1,3.8,9.9,8,6.2,4.5,2.5,6.2,12.7,4.7,5.6,6.5,7.3,6.9,5.3,3.7,3.2,4.1,9.3,3.4,3.2,3.3,11,5.3,4.1,2.6,1.9,3.9,8,3.4,3.2,3.5,11.4,5.1,4.1,2.7,2,4.3,10.6,3.5,3.2,3.1,10.9,5.5,4.2,2.5,1.9,252397000
2015-12-01,5.3,11.6,4.5,3.8,3.8,10.9,6.8,5.1,3,2.2,5.2,10.4,4.6,3.6,3.9,12.1,6.7,5.1,3.2,2.3,5.4,12.8,4.4,3.9,3.8,10.2,6.9,5.1,2.9,2.2,9.7,19.4,8.2,5.8,7.3,22.1,12.1,8.3,4.4,4.1,9,17.7,7.9,4.6,7.2,21.6,11.4,7.9,4.8,3.6,10.4,21.2,8.5,7.2,7.3,22.6,12.7,8.9,3.9,5,6.6,12.4,5.4,5.4,5.7,8.3,7.5,5.7,4,2.8,7.1,11.7,6.2,5.2,3.9,10.1,8.1,6.2,4.3,2.5,6.3,13,4.8,5.5,7,7.4,7.1,5.3,3.8,3.2,4.2,9.4,3.5,3.2,3.2,11.2,5.3,4.2,2.7,1.9,4,7.9,3.4,3.3,3.5,11.6,5.1,4.2,2.7,2,4.3,10.7,3.6,3.2,3,10.9,5.5,4.3,2.6,1.9,251936000
2015-11-01,5.3,11.7,4.5,3.8,3.9,11.2,6.8,5.2,3.1,2.3,5.2,10.5,4.6,3.7,3.9,12.4,6.6,5.2,3.2,2.3,5.4,12.9,4.4,4,3.9,10.4,6.9,5.2,2.9,2.3,9.8,20,8.3,6,7.3,23.1,12.1,8.5,4.7,4.1,9.1,18,8,4.7,7.4,22.5,11.3,8,5,3.6,10.7,22.1,8.7,7.5,7.1,23.6,12.8,9.1,4.2,5,6.6,12.5,5.4,5.4,5.7,8.4,7.5,5.7,3.9,2.8,7.1,11.8,6.2,5.6,3.7,10.5,8,6.1,4.1,2.4,6.3,13,4.8,5.3,7.3,7.4,7.1,5.3,3.7,3.2,4.2,9.3,3.5,3.3,3.3,11.2,5.3,4.3,2.7,2,4,7.9,3.5,3.3,3.5,11.7,5,4.3,2.8,2,4.3,10.7,3.6,3.3,3.1,11,5.5,4.3,2.6,2,251747000
2015-10-01,5.4,11.8,4.5,3.9,4,11.3,6.8,5.2,3.1,2.3,5.3,10.7,4.6,3.7,3.9,12.6,6.6,5.2,3.3,2.3,5.5,12.9,4.5,4,4,10.5,6.9,5.2,3,2.3,9.9,20.2,8.4,6.1,7.5,23.3,12.2,8.6,4.7,4.2,9.3,18.5,8,4.8,7.7,22.5,11.5,8.1,5.1,3.7,10.7,22.1,8.7,7.7,7.3,24.1,12.8,9.2,4.2,4.8,6.6,12.5,5.4,5.4,6,8.6,7.4,5.6,3.9,2.9,7.1,11.9,6.2,5.6,3.6,10.6,8,6,4.1,2.5,6.3,12.9,4.9,5.3,7.8,7.5,7,5.3,3.8,3.3,4.2,9.4,3.6,3.3,3.3,11.4,5.3,4.3,2.8,2,4.1,8,3.6,3.4,3.4,11.9,5,4.3,2.9,2,4.4,10.7,3.6,3.3,3.2,11,5.5,4.3,2.7,2,251541000
2015-09-01,5.4,11.9,4.6,3.9,4.1,11.4,6.8,5.3,3.2,2.3,5.4,10.9,4.7,3.7,4,12.9,6.7,5.3,3.3,2.3,5.5,12.9,4.5,4.1,4.1,10.5,6.9,5.2,3.1,2.3,10.1,20.6,8.4,6.2,7.8,23.7,12.2,8.8,4.8,4.2,9.4,19.1,8,4.9,8,23.1,11.6,8.3,5.1,3.8,10.9,22.2,8.9,7.8,7.5,24.3,12.8,9.4,4.5,4.8,6.7,12.5,5.4,5.5,6.2,8.6,7.5,5.7,3.9,3,7.2,11.9,6.3,5.4,4.1,10.9,8.1,6,3.9,2.5,6.3,13,4.9,5.5,7.7,7.4,7,5.4,3.9,3.6,4.3,9.5,3.6,3.4,3.4,11.5,5.4,4.3,2.8,2,4.2,8.2,3.6,3.4,3.6,12.1,5.1,4.4,3,2,4.4,10.7,3.6,3.4,3.3,11,5.6,4.3,2.7,2,251325000
2015-08-01,5.5,12.2,4.6,3.9,4.1,11.6,6.9,5.4,3.2,2.3,5.5,11.1,4.8,3.7,4.1,13.1,6.7,5.4,3.4,2.4,5.6,13.2,4.5,4.1,4,10.6,7,5.3,3.1,2.3,10.2,20.8,8.6,6.3,8,24,12.3,8.9,4.9,4.3,9.5,19.2,8.2,4.9,8.1,23.4,11.6,8.4,5.2,3.9,11.1,22.5,9,7.9,7.9,24.5,12.9,9.6,4.6,4.9,6.7,12.8,5.4,5.4,6,8.6,7.5,5.8,3.9,3.1,7.2,12.2,6.3,5.4,4.2,11,8.2,6,4,2.7,6.4,13.3,4.8,5.4,7.4,7.4,7.1,5.5,3.8,3.5,4.4,9.7,3.7,3.4,3.4,11.7,5.4,4.4,2.9,2,4.2,8.4,3.7,3.4,3.7,12.4,5.1,4.5,3,2.1,4.5,10.9,3.7,3.4,3.2,11.2,5.7,4.3,2.8,2,251096000
2015-07-01,5.6,12.3,4.7,4,4.2,11.7,7,5.5,3.3,2.4,5.5,11.2,4.8,3.7,4.3,13.3,6.8,5.5,3.5,2.4,5.7,13.4,4.6,4.2,4.1,10.7,7.1,5.4,3.2,2.4,10.4,21.2,8.7,6.5,8.2,23.9,12.5,9.2,5,4.4,9.7,19.6,8.4,5.2,8.3,23.2,11.9,8.8,5.2,4.1,11.2,23,9.1,8,8,24.6,13,9.7,4.8,4.9,6.8,12.9,5.5,5.4,6.3,8.7,7.6,5.8,4,3.2,7.3,12.3,6.3,5.4,4.4,11.2,8.2,6,4,2.6,6.4,13.4,4.9,5.4,7.8,7.5,7.2,5.6,3.9,3.7,4.4,9.9,3.7,3.4,3.5,11.8,5.5,4.5,2.9,2.1,4.3,8.6,3.7,3.4,3.9,12.6,5.1,4.6,3.1,2.1,4.5,11.1,3.8,3.4,3.3,11.4,5.8,4.4,2.8,2,250876000
2015-06-01,5.7,12.5,4.8,4,4.3,11.9,7,5.6,3.4,2.4,5.6,11.4,4.9,3.9,4.4,13.4,6.8,5.6,3.5,2.5,5.8,13.6,4.7,4.2,4.2,11,7.2,5.5,3.3,2.3,10.7,21.7,8.9,6.6,8.4,24.6,12.5,9.5,5.4,4.4,9.9,19.9,8.6,5.4,8.2,23.5,12,9,5.5,4.3,11.5,23.6,9.3,8,8.5,25.5,13,10,5.3,4.6,6.9,13.2,5.5,5.3,6.3,8.8,7.7,5.9,4.1,2.9,7.4,12.7,6.4,5.4,4.4,11.3,8.3,6.1,4.3,2.3,6.5,13.6,4.9,5.3,7.8,7.5,7.3,5.6,3.9,3.6,4.5,10,3.8,3.5,3.6,12.1,5.6,4.6,3,2.1,4.4,8.7,3.8,3.5,4,12.8,5.1,4.7,3.1,2.1,4.6,11.3,3.8,3.5,3.4,11.6,5.9,4.4,2.9,2,250663000
2015-05-01,5.8,12.7,4.8,4.1,4.4,12,7.1,5.6,3.5,2.4,5.7,11.5,5,3.9,4.4,13.5,6.8,5.7,3.6,2.5,5.8,13.7,4.7,4.3,4.4,11.1,7.3,5.5,3.4,2.4,10.8,21.7,9.1,6.8,8.5,24.8,12.6,9.6,5.5,4.4,10,19.9,8.8,5.5,8.1,23.4,12.1,9.2,5.7,4.2,11.6,23.7,9.4,8.3,8.9,26,13.1,10,5.3,4.6,7,13.4,5.6,5.5,6.4,8.8,7.7,6,4.2,3.1,7.5,13,6.5,5.5,4.3,11.4,8.2,6.4,4.4,2.4,6.5,13.7,5,5.4,8,7.5,7.4,5.7,4,3.8,4.6,10.1,3.9,3.5,3.7,12.4,5.6,4.6,3.1,2.1,4.4,8.8,3.8,3.5,4,12.9,5.1,4.7,3.2,2.2,4.7,11.4,3.9,3.5,3.5,12,6,4.5,3,2.1,250455000
2015-04-01,5.8,12.7,4.9,4.2,4.5,12.1,7.1,5.7,3.5,2.5,5.7,11.6,5,4,4.5,13.6,6.9,5.8,3.6,2.6,5.9,13.8,4.8,4.3,4.5,11.2,7.3,5.6,3.4,2.4,10.9,22,9.1,6.9,8.7,24.8,12.6,9.8,5.6,4.4,10.2,20.3,8.8,5.8,8,23.2,12.1,9.6,5.7,4.4,11.7,23.9,9.5,8.2,9.4,26.1,13.1,10.1,5.4,4.5,7,13.4,5.7,5.6,6.4,8.9,7.8,6.1,4.3,3.2,7.7,13.3,6.5,5.7,4.4,11.6,8.5,6.4,4.4,2.6,6.6,13.5,5,5.5,7.9,7.5,7.3,5.8,4.1,3.8,4.6,10.2,3.9,3.5,3.9,12.5,5.7,4.7,3.1,2.1,4.4,8.8,3.8,3.5,4.1,12.9,5.2,4.7,3.2,2.2,4.8,11.6,3.9,3.5,3.6,12.1,6,4.6,3,2.1,250266000
2015-03-01,5.9,12.8,5,4.2,4.6,12.2,7.2,5.8,3.5,2.5,5.8,11.7,5.1,4,4.6,13.6,7,5.9,3.7,2.6,6,13.9,4.9,4.3,4.6,11.3,7.4,5.7,3.4,2.4,11,22.5,9.3,7,8.3,24.9,12.8,10,5.7,4.4,10.3,20.5,8.9,6,7.5,23,12.2,9.8,5.8,4.5,11.9,24.7,9.7,8.1,9.2,26.6,13.4,10.2,5.6,4.2,7.1,13.5,5.7,5.7,6.3,8.9,7.7,6.3,4.3,3.2,7.7,13.4,6.5,5.9,4.6,11.7,8.4,6.5,4.5,2.6,6.6,13.6,5.1,5.5,7.7,7.5,7.3,6,4.1,3.9,4.7,10.2,4,3.6,4,12.5,5.8,4.7,3.1,2.2,4.5,8.9,3.9,3.5,4.2,13,5.3,4.8,3.2,2.2,4.8,11.6,4,3.6,3.8,12.2,6.2,4.6,3,2.1,250080000
2015-02-01,6,13,5.1,4.3,4.6,12.3,7.3,5.9,3.6,2.6,5.9,11.9,5.2,4.1,4.6,13.9,7,6,3.8,2.7,6.1,14.1,5,4.4,4.6,11.4,7.5,5.8,3.5,2.5,11.2,23,9.4,7.2,8,25.1,13.1,10.1,5.9,4.4,10.5,20.9,9,6.4,7.3,22.9,12.5,10,6,4.5,12.1,25.2,9.8,8.2,8.9,27,13.7,10.2,5.7,4.2,7.2,13.6,5.8,5.7,6.2,9,7.8,6.4,4.5,3.3,7.8,13.5,6.7,5.9,4.5,12.1,8.4,6.6,4.6,2.8,6.7,13.7,5.1,5.5,7.6,7.4,7.4,6.2,4.3,3.9,4.7,10.4,4,3.6,4.1,12.6,5.9,4.8,3.2,2.2,4.6,8.9,4,3.6,4.3,13.1,5.4,4.9,3.3,2.3,4.9,11.7,4.1,3.6,3.9,12.4,6.2,4.7,3.1,2.1,249899000
2015-01-01,6.1,13.2,5.2,4.3,4.6,12.5,7.5,6,3.7,2.6,6,12,5.3,4.2,4.6,14.1,7.1,6.1,3.8,2.8,6.2,14.4,5.1,4.4,4.6,11.5,7.7,5.9,3.6,2.5,11.4,23.1,9.6,7.3,7.7,24.9,13.4,10.2,6.1,4.4,10.5,20.9,9.1,6.6,7.2,22.7,12.6,10,6.1,4.6,12.3,25.6,10.1,8.2,8.3,26.8,14,10.5,6.2,4.1,7.3,13.9,5.9,5.8,5.8,9.2,7.8,6.5,4.4,3.3,8,13.8,6.9,6,4.3,12.6,8.4,6.9,4.7,2.8,6.7,13.9,5.2,5.6,7,7.5,7.4,6.2,4.2,3.7,4.8,10.5,4.1,3.6,4.1,12.8,6,4.9,3.2,2.2,4.6,9,4.1,3.6,4.3,13.1,5.4,4.9,3.3,2.4,5,12,4.2,3.7,3.9,12.6,6.4,4.8,3.1,2.1,249723000
2014-12-01,6.2,13.4,5.2,4.4,4.6,12.6,7.6,6.1,3.8,2.7,6.1,12.2,5.3,4.2,4.7,14.2,7.2,6.2,3.9,2.8,6.3,14.5,5.2,4.5,4.6,11.6,7.8,6,3.7,2.5,11.5,23.5,9.6,7.4,7.8,24.9,13.6,10.3,6.2,4.4,10.6,21.3,9.1,6.7,7.5,22.9,12.9,10,6.1,4.6,12.5,25.9,10.2,8.2,8.2,26.5,14.3,10.6,6.3,4.1,7.4,14,6,6,5.6,9.4,7.9,6.8,4.5,3.2,8.2,14.2,7.1,6.1,4.2,12.9,8.5,7.2,4.9,2.7,6.8,13.8,5.3,5.9,6.6,7.6,7.5,6.4,4.1,3.6,4.9,10.7,4.2,3.7,4.2,12.9,6.1,4.9,3.3,2.3,4.7,9.1,4.1,3.6,4.4,13.1,5.4,5,3.4,2.4,5.1,12.2,4.2,3.8,4,12.7,6.6,4.8,3.2,2.1,249027000
2014-11-01,6.3,13.5,5.3,4.5,4.7,12.7,7.7,6.1,3.8,2.7,6.2,12.3,5.4,4.3,4.8,14.3,7.4,6.2,3.9,2.8,6.4,14.6,5.2,4.6,4.6,11.7,8,6.1,3.7,2.5,11.6,23.3,9.8,7.5,8.2,24.4,13.9,10.4,6.3,4.3,10.8,21.3,9.3,6.9,7.7,22.6,13.3,10.1,6.3,4.6,12.5,25.5,10.4,8.2,8.8,25.9,14.5,10.8,6.3,3.8,7.6,14.2,6.2,6.1,5.8,9.6,8.1,7,4.6,3.2,8.4,14.4,7.3,6.1,4.6,13.1,8.6,7.4,5.1,2.8,6.9,14,5.4,6.1,6.8,7.8,7.7,6.6,4.1,3.5,5,10.8,4.2,3.8,4.2,13.1,6.2,5,3.3,2.3,4.7,9.2,4.1,3.7,4.5,13.3,5.5,5,3.4,2.4,5.2,12.3,4.3,3.8,4,12.9,6.7,4.9,3.2,2.2,248844000
2014-10-01,6.4,13.6,5.4,4.5,4.7,12.9,7.8,6.3,3.8,2.7,6.2,12.4,5.5,4.3,4.9,14.5,7.5,6.3,4,2.8,6.5,14.7,5.4,4.7,4.6,11.9,8.1,6.2,3.7,2.5,11.7,23.5,9.9,7.4,8.3,24.7,14,10.5,6.3,4.3,10.9,21.3,9.5,6.8,7.9,23.1,13.4,10.2,6.2,4.7,12.6,25.8,10.4,8.2,8.8,26,14.5,10.9,6.5,3.7,7.7,14.4,6.4,6.3,5.6,9.8,8.2,7.2,4.7,3.1,8.6,14.7,7.4,6.2,4.5,13.3,8.8,7.5,5.3,2.8,7.1,14.1,5.6,6.4,6.5,7.9,7.9,6.9,4.1,3.5,5,10.9,4.3,3.8,4.3,13.3,6.3,5.1,3.3,2.4,4.8,9.3,4.2,3.7,4.6,13.3,5.6,5.1,3.4,2.5,5.3,12.5,4.4,3.9,4.1,13.3,6.8,5,3.3,2.2,248657000
2014-09-01,6.5,13.8,5.5,4.6,4.8,13.1,8,6.4,3.9,2.7,6.3,12.4,5.6,4.4,4.9,14.6,7.5,6.4,4,2.9,6.6,15.1,5.5,4.8,4.7,12.2,8.3,6.4,3.8,2.6,11.8,23.6,10.1,7.7,8.3,25.1,14.1,10.6,6.5,4.4,11.1,21.1,9.7,7.2,7.8,23.3,13.5,10.3,6.6,4.8,12.7,26.4,10.5,8.2,8.8,26.5,14.7,11,6.4,3.9,7.9,14.6,6.5,6.7,5.5,10,8.5,7.4,4.8,3.1,8.7,14.9,7.5,6.5,4.4,13.4,9,7.5,5.5,2.9,7.4,14.3,5.8,6.8,6.4,8.2,8.1,7.2,4.2,3.3,5.1,11.1,4.4,3.9,4.4,13.6,6.4,5.2,3.4,2.4,4.8,9.3,4.3,3.8,4.7,13.5,5.7,5.2,3.4,2.5,5.4,12.8,4.6,4,4.2,13.6,7,5.2,3.3,2.3,248446000
2014-08-01,6.6,13.9,5.6,4.7,4.9,13.2,8.2,6.5,4,2.8,6.4,12.4,5.6,4.6,4.9,14.6,7.7,6.4,4.1,2.9,6.8,15.2,5.6,4.9,4.8,12.4,8.5,6.5,3.9,2.6,12,23.8,10.2,7.7,8.4,25.5,14.4,10.7,6.5,4.5,11.1,21.2,9.7,7.3,8.1,23.4,13.6,10.3,6.5,4.9,13,26.6,10.8,8.1,8.7,27.2,15,11.2,6.4,3.8,8.1,14.7,6.7,6.9,5.6,10.1,8.7,7.4,5,3.3,8.8,14.7,7.6,6.6,4.4,13.4,9,7.5,5.7,3,7.6,14.8,6,7.2,6.5,8.4,8.5,7.4,4.4,3.6,5.2,11.2,4.5,4,4.5,13.7,6.6,5.2,3.5,2.5,4.9,9.4,4.3,3.9,4.7,13.6,5.8,5.2,3.5,2.6,5.5,12.8,4.7,4.1,4.3,13.8,7.2,5.3,3.4,2.4,248229000
2014-07-01,6.7,14.1,5.7,4.8,4.8,13.4,8.3,6.5,4,2.8,6.4,12.6,5.7,4.6,4.7,14.7,7.7,6.5,4.1,2.9,6.9,15.5,5.7,5,4.8,12.6,8.7,6.6,3.9,2.6,12.1,24,10.3,7.7,8.2,26.1,14.5,10.7,6.4,4.3,11.2,21.4,9.7,7.3,7.9,24.1,13.5,10.3,6.5,4.9,13.2,26.9,11,8.3,8.6,27.9,15.4,11.3,6.3,3.5,8.2,15,6.8,7.1,5.4,10.3,8.9,7.6,5,3.3,8.8,14.8,7.7,6.6,4.3,13.4,9.1,7.6,5.7,3,7.8,15.2,6.2,7.4,6.3,8.6,8.8,7.6,4.4,3.6,5.3,11.3,4.6,4.1,4.4,13.8,6.7,5.3,3.5,2.5,5,9.6,4.4,4,4.5,13.6,5.9,5.3,3.5,2.6,5.6,13,4.7,4.2,4.4,14,7.3,5.4,3.5,2.4,248023000
2014-06-01,6.8,14.3,5.8,4.9,4.8,13.6,8.4,6.6,4,2.9,6.5,12.7,5.8,4.6,4.7,14.9,7.8,6.6,4.1,3,7,15.7,5.9,5.1,4.9,12.7,8.8,6.7,4,2.7,12.2,24.4,10.4,7.8,7.9,26.4,14.6,10.8,6.3,4.5,11.2,21.6,9.8,7.3,7.7,24.4,13.5,10.4,6.6,5,13.3,27.4,11.1,8.5,8.3,28.3,15.7,11.4,5.9,3.7,8.4,15.2,6.9,7.2,5.6,10.4,9,7.7,5.2,3.6,8.9,14.9,7.8,6.7,4.3,13.6,9.1,7.6,5.9,3.2,8,15.4,6.3,7.7,6.5,8.7,8.9,7.8,4.6,4.1,5.4,11.5,4.7,4.1,4.4,14,6.8,5.4,3.6,2.6,5,9.7,4.4,3.9,4.4,13.8,6,5.4,3.5,2.6,5.7,13.2,4.9,4.3,4.4,14.1,7.4,5.5,3.6,2.5,247814000
2014-05-01,6.9,14.6,5.9,4.9,4.8,13.8,8.6,6.8,4.1,2.9,6.6,12.9,5.9,4.7,4.8,15.2,8,6.7,4.1,3,7.1,16.1,6,5.2,4.9,12.8,9,6.9,4.1,2.8,12.5,25.2,10.6,7.9,7.7,27.2,14.9,11.1,6.3,4.7,11.5,22.1,10,7.5,7.6,25.1,13.7,10.7,6.6,5.2,13.6,28.6,11.2,8.3,7.7,29.1,16,11.6,5.8,3.8,8.5,15.2,7.1,7.3,5.7,10.5,9.2,7.9,5.2,3.5,9,14.8,7.9,7,4.9,13.6,9.3,7.9,5.8,3.1,8.1,15.6,6.4,7.6,6.3,8.9,9.1,7.8,4.7,4.1,5.5,11.7,4.8,4.2,4.5,14.1,7,5.5,3.6,2.6,5.1,9.9,4.5,4,4.5,14.3,6.2,5.4,3.6,2.7,5.8,13.4,4.9,4.4,4.6,13.9,7.5,5.6,3.7,2.6,247622000
2014-04-01,7,14.8,6,5,4.8,14,8.7,6.9,4.2,2.9,6.7,13.1,5.9,4.7,4.7,15.6,8,6.7,4.2,3.1,7.2,16.4,6,5.3,4.9,13,9.1,7,4.2,2.8,12.7,25.5,10.7,7.9,7.4,27.7,15,11.2,6.4,4.8,11.6,22.1,10.2,7.5,7.4,25.7,13.8,10.6,6.7,5.3,13.8,29.2,11.4,8.4,7.4,29.5,16.1,11.9,5.9,4.1,8.6,15.6,7.1,7.3,6,10.7,9.2,7.9,5.3,3.5,9.1,15,8,7,5,13.9,9.2,8.1,5.8,3,8.2,16,6.5,7.5,6.8,9.1,9.2,7.8,4.8,4,5.6,12,4.8,4.3,4.5,14.3,7.1,5.6,3.7,2.7,5.2,10.2,4.6,4.1,4.5,14.9,6.2,5.5,3.6,2.7,6,13.7,5,4.6,4.6,13.9,7.7,5.8,3.8,2.6,247439000
2014-03-01,7.1,15.1,6.1,5.1,4.9,14.3,8.8,6.9,4.2,2.9,6.8,13.4,6,4.8,4.8,16,8.1,6.8,4.2,3.1,7.4,16.6,6.1,5.4,5,13.3,9.3,7.1,4.2,2.8,12.8,25.7,10.9,7.9,7.7,28.2,15.2,11.2,6.5,4.9,11.7,22.4,10.3,7.5,7.7,26.3,13.9,10.6,6.8,5.3,14,29.3,11.6,8.4,7.6,29.9,16.3,11.9,6,4.3,8.8,16,7.2,7.3,6.2,11,9.4,8,5.4,3.5,9.2,15.5,8,6.8,5.3,14.1,9.4,8.1,5.9,3.1,8.4,16.4,6.6,7.6,6.9,9.4,9.4,7.9,4.9,3.9,5.7,12.2,4.9,4.4,4.6,14.6,7.2,5.7,3.8,2.7,5.3,10.5,4.7,4.1,4.5,15.3,6.3,5.6,3.7,2.7,6.1,13.9,5.1,4.7,4.7,14.2,7.8,5.9,3.9,2.7,247258000
2014-02-01,7.2,15.2,6.1,5.1,5,14.6,8.9,7,4.3,3,6.9,13.5,6.1,4.8,4.9,16.3,8.2,6.8,4.2,3.1,7.4,16.7,6.2,5.4,5.1,13.6,9.4,7.1,4.3,2.8,12.9,25.9,10.9,7.9,7.8,28.5,15.2,11.2,6.5,5,11.8,22.4,10.3,7.4,7.7,26.7,13.8,10.7,6.9,5.4,14.1,29.7,11.6,8.4,7.9,30.1,16.5,11.9,6,4.3,8.9,16.2,7.3,7.4,6.9,11.3,9.6,7.9,5.5,3.3,9.3,15.8,8.1,6.7,6,14.4,9.6,8,6,2.9,8.5,16.6,6.7,7.9,7.6,9.7,9.5,7.8,5,3.7,5.8,12.3,5,4.5,4.7,14.9,7.3,5.8,3.8,2.7,5.4,10.6,4.7,4.2,4.6,15.6,6.4,5.6,3.7,2.8,6.1,14,5.2,4.7,4.8,14.4,7.9,5.9,4,2.7,247085000
2014-01-01,7.3,15.3,6.2,5.2,5.2,14.8,9,7,4.3,3,7,13.8,6.1,4.9,5,16.5,8.3,6.9,4.3,3.2,7.5,16.8,6.3,5.5,5.3,13.8,9.5,7.2,4.3,2.9,13,26.4,11,8.1,8.1,29.2,15.3,11.3,6.5,5,12,23.1,10.5,7.7,7.7,27.7,13.9,11,6.9,5.4,14.1,29.9,11.5,8.6,8.6,30.7,16.6,11.7,6,4.4,9,16.4,7.4,7.4,7.3,11.3,9.7,8,5.6,3.4,9.5,16.1,8.2,6.7,6.3,14.5,9.7,8.1,6,3.2,8.7,16.7,6.8,8,8,9.7,9.7,7.9,5.2,3.7,5.9,12.4,5.1,4.5,4.8,15.2,7.4,5.8,3.9,2.8,5.5,10.8,4.8,4.2,4.7,15.7,6.6,5.6,3.7,2.9,6.2,14,5.3,4.8,4.9,14.8,8,6,4,2.8,246915000
2013-12-01,7.4,15.5,6.3,5.3,5.3,15.2,9.2,7.1,4.3,3.1,7.1,13.9,6.3,5,5.1,16.8,8.5,7,4.3,3.3,7.6,17.1,6.4,5.7,5.5,14.2,9.6,7.3,4.3,2.9,13.2,26.5,11.1,8.3,8.1,30,15.5,11.4,6.5,5,12.2,23.5,10.7,8,7.5,28.3,14.2,11.2,7,5.4,14.2,29.8,11.7,8.6,8.9,31.4,16.7,11.7,5.9,4.2,9.1,16.6,7.5,7.5,7.6,11.5,9.9,7.9,5.8,3.6,9.5,15.9,8.3,6.6,6.6,14.6,9.9,8,6,3.6,8.8,17,6.9,8.2,8.4,10,9.9,7.9,5.5,3.6,6,12.7,5.1,4.7,5,15.6,7.6,5.9,3.9,2.9,5.6,11,4.9,4.4,4.8,15.9,6.8,5.7,3.8,3,6.3,14.4,5.4,4.9,5.1,15.3,8.1,6.1,4,2.8,246745000
2013-11-01,7.5,15.8,6.4,5.4,5.4,15.4,9.3,7.2,4.4,3.2,7.2,14.2,6.3,5,5.2,16.9,8.7,7,4.4,3.5,7.7,17.3,6.4,5.7,5.6,14.5,9.7,7.3,4.4,2.9,13.4,27.1,11.3,8.3,7.7,30.6,15.6,11.6,6.7,5,12.4,24.2,10.8,8,7,29,14.3,11.4,7,5.5,14.4,30.3,11.8,8.6,8.6,32.1,16.8,11.9,6.2,4.2,9.2,16.7,7.6,7.7,7.8,11.7,10,7.9,5.9,3.8,9.6,16.1,8.4,6.6,7,14.7,10.2,7.9,6,4,8.9,17.1,7,8.5,8.3,10.1,9.9,7.9,5.8,3.5,6.1,12.9,5.2,4.7,5.1,15.8,7.7,6,3.9,2.9,5.6,11.1,4.9,4.4,5,16,6.9,5.8,3.8,3.1,6.4,14.6,5.4,5,5.2,15.6,8.2,6.2,4,2.8,246567000
2013-10-01,7.5,15.9,6.4,5.5,5.5,15.6,9.3,7.2,4.4,3.2,7.3,14.3,6.4,5.1,5.3,17.2,8.8,7.1,4.4,3.5,7.8,17.4,6.4,5.8,5.7,14.6,9.8,7.4,4.4,2.9,13.4,27.4,11.3,8.4,7.5,30.8,15.8,11.6,6.7,5,12.4,24.5,10.7,8.1,6.7,29.1,14.3,11.4,7.1,5.5,14.6,30.6,12,8.7,8.4,32.2,17.2,11.9,6.3,4.2,9.3,16.8,7.7,7.9,8,11.9,10.1,7.9,6,3.8,9.8,16.4,8.6,6.7,7.5,15.2,10.4,7.9,5.9,4.3,8.9,17.2,7,8.8,8.3,10.3,9.9,7.9,6,3.3,6.1,13,5.2,4.8,5.2,16,7.7,6.1,3.9,2.9,5.7,11.2,5,4.4,5,16.1,7,5.8,3.8,3.2,6.5,14.7,5.4,5,5.3,15.8,8.3,6.3,4,2.7,246381000
2013-09-01,7.6,16,6.5,5.5,5.5,15.7,9.4,7.3,4.4,3.2,7.3,14.5,6.5,5.1,5.3,17.3,8.9,7.1,4.4,3.6,7.8,17.5,6.5,5.8,5.7,14.8,9.8,7.4,4.4,2.8,13.5,27.6,11.4,8.4,7.4,30.6,16,11.7,6.6,4.9,12.5,24.7,10.7,8,6.5,29,14.6,11.4,6.8,5.3,14.7,30.8,12.1,8.8,8.5,32.1,17.3,12,6.4,4.3,9.4,17,7.7,8,8.1,12.1,10.1,7.9,5.9,3.9,9.9,16.6,8.7,6.8,7.7,15.5,10.5,8,5.8,4.7,9,17.2,7,8.9,8.5,10.4,9.9,7.8,6.1,3,6.2,13,5.3,4.8,5.3,16,7.8,6.1,3.9,2.9,5.8,11.3,5.1,4.5,5.1,16.2,7.1,5.9,3.8,3.2,6.5,14.7,5.5,5.1,5.4,15.9,8.3,6.3,4,2.7,246168000
2013-08-01,7.6,16,6.5,5.5,5.6,15.8,9.5,7.3,4.4,3.2,7.4,14.5,6.6,5.2,5.3,17.4,9,7.2,4.5,3.6,7.8,17.4,6.5,5.9,5.8,14.8,9.9,7.4,4.4,2.8,13.6,27.7,11.5,8.4,7.3,30.3,16.2,11.8,6.7,5.1,12.6,24.8,10.9,8.1,6.1,28.7,14.8,11.6,7,5.2,14.7,30.9,12.2,8.9,8.8,31.7,17.4,12,6.3,4.8,9.5,16.9,7.8,8.2,8.3,12.3,10.2,7.9,5.9,3.6,10.1,16.9,8.8,7.1,7.8,15.8,10.7,8.1,5.7,4.6,9,16.9,7.1,9,8.6,10.5,9.9,7.7,6.1,2.7,6.2,13.1,5.3,4.8,5.3,16.1,7.9,6.2,4,2.9,5.8,11.3,5.2,4.5,5.2,16.2,7.2,6,3.9,3.2,6.5,14.9,5.5,5.1,5.5,16.1,8.3,6.4,4,2.7,245959000
2013-07-01,7.7,16.1,6.6,5.6,5.7,15.9,9.6,7.3,4.5,3.2,7.5,14.6,6.7,5.2,5.5,17.4,9.2,7.2,4.5,3.6,7.9,17.6,6.5,5.9,5.9,15,9.9,7.4,4.4,2.9,13.7,27.8,11.6,8.6,7.6,30.1,16.3,11.9,6.8,5.2,12.7,24.8,11,8.1,6.4,28.2,15.1,11.8,7,5.1,14.8,31.2,12.2,9.1,9,31.8,17.5,12,6.4,5.3,9.5,17,7.9,8.2,8.4,12.4,10.3,8,6,3.7,10.2,17.1,8.9,7.2,7.9,15.8,10.9,8.1,5.8,4.9,9,16.9,7.2,9,8.7,10.6,9.8,7.8,6.1,2.5,6.3,13.2,5.4,4.9,5.5,16.4,7.9,6.2,4,3,5.9,11.4,5.2,4.5,5.4,16.5,7.3,6,3.9,3.2,6.6,15,5.5,5.2,5.5,16.3,8.4,6.4,4.1,2.7,245756000
2013-06-01,7.8,16.2,6.7,5.7,5.9,16,9.7,7.4,4.5,3.2,7.6,14.7,6.7,5.3,5.7,17.5,9.3,7.4,4.6,3.6,7.9,17.6,6.6,6,6.1,15.1,9.9,7.4,4.5,2.9,13.8,27.8,11.7,8.8,8.3,30.2,16.4,12,7,5.3,12.8,24.7,11.1,8.4,6.9,28.1,15.2,11.9,7.2,5,15,31.2,12.3,9.4,9.9,32.1,17.6,12.2,6.7,5.7,9.6,17,7.9,8.2,8.9,12.4,10.3,8.1,5.9,3.6,10.3,17.1,9,7.2,8.7,15.8,11,8.3,5.8,5.1,9.1,16.9,7.2,9,9.1,10.7,9.9,8,6,2.1,6.3,13.3,5.4,4.9,5.6,16.5,8.1,6.2,4.1,3,6,11.6,5.3,4.6,5.5,16.6,7.4,6.1,4,3.2,6.6,15,5.5,5.2,5.7,16.4,8.5,6.4,4.1,2.7,245552000
2013-05-01,7.8,16.2,6.7,5.7,6.1,16.2,9.7,7.4,4.6,3.2,7.6,14.8,6.8,5.3,5.8,17.5,9.4,7.4,4.7,3.6,8,17.6,6.6,6.1,6.3,15.3,10,7.5,4.5,2.8,13.8,27.6,11.7,8.8,8.8,30.2,16.4,12,7.1,5.2,12.8,24.9,11.1,8.3,6.9,28.2,15.2,11.8,7.3,4.9,15,30.5,12.5,9.4,10.9,32,17.4,12.3,6.9,5.7,9.8,17.3,8.1,8.3,9.1,12.6,10.5,8.3,6,3.6,10.5,17.4,9.1,7.3,8.8,15.8,11.2,8.3,6.1,5.2,9.2,17.1,7.3,9.1,9.4,11,9.9,8.3,5.9,2.1,6.4,13.3,5.5,5,5.7,16.7,8.1,6.3,4.1,2.9,6.1,11.5,5.4,4.7,5.6,16.6,7.5,6.2,4.1,3.2,6.7,15,5.6,5.2,5.7,16.8,8.5,6.4,4,2.6,245363000
2013-04-01,7.9,16.2,6.8,5.8,6.2,16.2,9.8,7.5,4.6,3.2,7.7,14.8,6.9,5.4,6.1,17.4,9.5,7.5,4.8,3.6,8,17.5,6.7,6.1,6.3,15.5,10,7.5,4.5,2.8,13.8,27.4,11.8,8.8,9.2,30.3,16.3,12.1,7.2,5.1,12.8,24.8,11.1,8.2,7.2,28.1,15.1,12,7.4,4.7,15.1,30.3,12.5,9.6,11.3,32.3,17.4,12.3,7,5.7,9.9,17.5,8.2,8.5,9.5,12.8,10.6,8.5,6,3.6,10.6,17.6,9.2,7.4,9.4,15.9,11.3,8.4,6.2,5.1,9.4,17.4,7.5,9.5,9.7,11.2,10.1,8.6,5.8,2.2,6.4,13.3,5.5,5,5.8,16.7,8.2,6.3,4.1,2.9,6.1,11.5,5.5,4.7,5.8,16.5,7.7,6.3,4.1,3.2,6.7,14.9,5.6,5.3,5.7,16.9,8.6,6.4,4.1,2.6,245175000
2013-03-01,7.9,16.2,6.8,5.9,6.2,16.3,9.9,7.6,4.6,3.2,7.8,14.8,6.9,5.5,6.2,17.4,9.5,7.6,4.8,3.6,8.1,17.6,6.7,6.2,6.3,15.5,10.1,7.6,4.4,2.8,13.9,27.4,11.8,9,9.2,30.2,16.3,12.2,7.2,5.1,12.7,24.6,11.1,8,7.3,27.7,15,12,7.3,4.6,15.2,30.4,12.6,10.2,11.3,32.5,17.5,12.5,7,5.8,10,17.5,8.3,8.7,9.5,12.9,10.7,8.7,5.9,3.6,10.7,17.5,9.4,7.7,9.3,16.1,11.4,8.7,6.2,5,9.5,17.6,7.6,9.5,9.6,11.2,10.3,8.8,5.6,2.2,6.5,13.3,5.6,5.1,5.8,16.7,8.2,6.4,4.1,2.9,6.2,11.5,5.5,4.8,6,16.5,7.7,6.3,4.1,3.2,6.7,15,5.6,5.3,5.7,16.9,8.6,6.4,4.1,2.6,244995000
2013-02-01,8,16.3,6.9,5.9,6.2,16.3,9.9,7.7,4.6,3.2,7.8,14.8,7,5.5,6.2,17.5,9.6,7.7,4.8,3.6,8.1,17.6,6.8,6.3,6.2,15.6,10.2,7.7,4.5,2.9,13.9,27.3,11.8,9.1,9.4,30.1,16.4,12.4,7.1,5.1,12.8,24.9,11.1,8,7.5,27.5,15.1,12.2,7.1,4.6,15.3,30.1,12.7,10.4,11.6,32.5,17.6,12.7,7.1,6,10.1,17.6,8.4,8.9,8.8,13.1,10.8,8.8,5.8,3.7,10.7,17.3,9.5,8.1,9,16.3,11.3,8.8,6.1,5,9.7,17.9,7.7,9.6,8.7,11.4,10.5,8.8,5.5,2.4,6.5,13.3,5.6,5.1,5.9,16.8,8.3,6.4,4.1,2.9,6.2,11.5,5.6,4.8,6,16.4,7.8,6.4,4.2,3.2,6.7,14.9,5.7,5.4,5.7,17,8.6,6.5,4.1,2.6,244828000
2013-01-01,8,16.3,7,5.9,6.3,16.5,10,7.7,4.7,3.2,7.9,14.7,7.1,5.6,6.3,17.5,9.6,7.7,4.8,3.5,8.2,17.7,6.9,6.3,6.2,15.8,10.2,7.7,4.6,2.9,14,27.1,12,8.9,9.4,30,16.5,12.3,7.1,5.2,12.7,24.3,11.1,7.7,7.6,27.1,15.2,12,7.1,4.6,15.4,30.1,13,10.3,11.5,32.8,17.7,12.8,7.2,6.1,10.2,17.7,8.6,8.9,8.9,13.4,10.9,8.7,6,3.5,10.8,17.2,9.6,8.2,8.9,16.6,11.4,8.7,6.1,4.7,9.8,18.1,7.8,9.5,8.9,11.7,10.6,8.7,5.8,2.3,6.6,13.3,5.7,5.2,5.9,16.8,8.3,6.5,4.2,2.9,6.3,11.4,5.7,4.9,6.2,16.5,7.8,6.5,4.2,3.2,6.8,15.1,5.7,5.4,5.7,17.1,8.7,6.5,4.2,2.6,244663000
2012-12-01,8.1,16.2,7,5.9,6.2,16.5,10,7.7,4.7,3.2,7.9,14.7,7.1,5.6,6.3,17.6,9.6,7.8,4.9,3.6,8.2,17.6,6.9,6.3,6.2,15.8,10.3,7.6,4.6,2.9,13.9,27,12,8.8,9.4,29.5,16.5,12.3,7.2,5.4,12.7,24.3,11.2,7.5,7.6,26.9,15.3,12,7,4.6,15.4,30,12.9,10.3,11.4,32,17.7,12.7,7.3,6.5,10.3,17.7,8.6,9.2,8.7,13.5,10.9,8.8,6,3.6,10.9,17.3,9.6,8.5,8.7,16.7,11.3,8.9,6.3,4.6,9.9,18,7.9,9.7,8.8,11.9,10.6,8.6,5.8,2.5,6.6,13.2,5.7,5.1,5.8,16.9,8.3,6.5,4.2,2.9,6.3,11.3,5.7,4.9,6.2,16.6,7.8,6.5,4.2,3.2,6.8,15,5.8,5.4,5.6,17.1,8.7,6.5,4.2,2.6,244350000
2012-11-01,8.1,16.2,7.1,6,6.3,16.6,10,7.8,4.7,3.2,7.9,14.6,7.2,5.6,6.4,17.7,9.6,7.9,4.8,3.6,8.3,17.8,7,6.3,6.2,15.9,10.4,7.7,4.7,3,14.1,27,12.1,8.9,9.6,29.6,16.6,12.4,7.1,5.7,12.8,24,11.4,7.7,7.9,26.8,15.5,12,6.9,4.9,15.5,30.2,13,10.4,11.6,32.2,17.7,12.9,7.4,6.9,10.4,17.9,8.8,9.2,8.2,13.6,10.9,9,6.1,3.5,11,17.2,9.8,8.5,8.2,16.7,11.2,9.1,6.4,4.4,10,18.4,8.1,9.7,8.2,12,10.8,8.9,5.9,2.6,6.6,13.2,5.8,5.2,5.9,16.9,8.4,6.5,4.3,2.9,6.4,11.4,5.7,4.9,6.2,16.6,7.9,6.6,4.2,3.2,6.8,15,5.8,5.4,5.7,17.2,8.8,6.4,4.3,2.7,244174000
2012-10-01,8.2,16.3,7.2,6,6.3,16.6,10.1,7.9,4.8,3.3,8,14.6,7.2,5.7,6.5,17.6,9.7,8,4.9,3.5,8.4,17.9,7.1,6.3,6.2,15.9,10.5,7.7,4.7,3.1,14.2,27.1,12.3,9.1,9.6,29.6,16.7,12.7,7.1,5.8,13,24,11.6,7.7,7.9,26.9,15.6,12.3,6.9,4.9,15.7,30.6,13.1,10.7,11.6,32.2,17.7,13.2,7.4,7.2,10.5,18,8.9,9,8.3,13.6,11,9.2,6.3,3.7,11,17.1,9.9,8.3,7.7,16.4,11.1,9.3,6.6,4.4,10.2,18.7,8.2,9.5,8.8,12.1,11,9.1,6,2.9,6.7,13.3,5.8,5.2,6,16.8,8.5,6.6,4.3,3,6.4,11.5,5.8,5,6.4,16.5,7.9,6.7,4.2,3.2,6.9,15.1,5.9,5.4,5.7,17.1,8.9,6.4,4.3,2.8,243983000
2012-09-01,8.3,16.4,7.2,6.1,6.4,16.6,10.2,8,4.8,3.3,8,14.6,7.3,5.7,6.7,17.7,9.6,8.1,4.9,3.5,8.5,18,7.2,6.4,6.3,15.9,10.6,7.8,4.8,3.1,14.3,27.1,12.4,9.2,9.6,29.5,16.7,12.9,7.1,5.7,13,24.1,11.7,7.7,8.1,26.9,15.5,12.4,6.8,5,15.8,30.4,13.3,11,11.4,31.9,17.8,13.4,7.5,6.9,10.6,18.2,9,9,8.5,13.6,11.2,9.4,6.5,3.8,11,17.2,9.9,8.5,7.7,16.4,11.1,9.5,6.7,4.2,10.3,18.9,8.4,9.3,9.2,12.1,11.2,9.2,6.2,3.4,6.7,13.4,5.9,5.3,6.1,16.9,8.6,6.6,4.3,3,6.5,11.5,5.8,5,6.6,16.7,7.9,6.8,4.3,3.2,7,15.2,5.9,5.5,5.7,17.1,9,6.5,4.4,2.8,243772000
2012-08-01,8.4,16.5,7.3,6.1,6.5,16.8,10.3,8.1,4.9,3.3,8.1,14.8,7.4,5.8,6.8,17.9,9.7,8.3,4.9,3.6,8.6,18.1,7.3,6.5,6.3,16,10.7,8,4.8,3.1,14.5,27.4,12.6,9.3,9.6,30.1,16.8,13.1,7.1,5.8,13.3,24.7,11.9,7.7,8.3,27.8,15.7,12.7,6.6,5.2,15.9,30.4,13.4,11.2,11,32.2,17.8,13.6,7.8,6.7,10.8,18.3,9.1,9.1,8.6,13.5,11.2,9.7,6.5,4,11.1,17.2,10,8.5,7.6,16.2,11.2,9.9,6.8,4.5,10.5,19.1,8.5,9.5,9.4,12.2,11.3,9.5,6.3,3.6,6.8,13.5,6,5.3,6.2,17.1,8.6,6.7,4.3,3,6.5,11.7,5.9,5.1,6.7,17.1,8,6.9,4.3,3.2,7,15.2,6.1,5.5,5.7,17.2,9.1,6.6,4.4,2.8,243566000
2012-07-01,8.4,16.6,7.4,6.2,6.5,16.9,10.3,8.2,4.9,3.3,8.2,14.9,7.4,5.9,6.8,18.2,9.7,8.4,5,3.5,8.7,18.1,7.4,6.5,6.3,16.1,10.8,8.1,4.8,3.1,14.7,27.7,12.8,9.3,9.4,30.7,17,13.3,7.1,5.8,13.4,25.1,12,7.6,8.3,29.1,15.8,12.7,6.5,5.3,16.1,30.5,13.8,11.3,10.5,32.4,18,14.1,7.9,6.7,10.8,18.4,9.2,9.1,8.7,13.6,11.4,9.7,6.7,4,11.3,17.3,10.2,8.5,7.6,16.5,11.2,10,6.9,4.4,10.5,19.2,8.6,9.6,9.6,12.1,11.5,9.5,6.5,3.6,6.9,13.5,6,5.4,6.2,17.2,8.6,6.9,4.4,2.9,6.6,11.7,5.9,5.1,6.8,17,7.9,7,4.3,3.1,7.1,15.2,6.1,5.6,5.7,17.3,9.2,6.7,4.4,2.8,243354000
2012-06-01,8.5,16.7,7.5,6.3,6.5,17.1,10.4,8.3,4.9,3.3,8.2,15.1,7.4,5.9,6.8,18.4,9.7,8.4,5,3.5,8.7,18.2,7.5,6.6,6.3,16.2,10.9,8.2,4.9,3.1,14.8,27.9,13.1,9.3,8.8,30.7,17.1,13.5,7.1,5.8,13.6,25.7,12.2,7.5,8.2,29.3,16,12.9,6.4,5.4,16.3,30.3,14.1,11.5,9.6,32,18.2,14.3,8,6.4,10.9,18.6,9.3,9.4,8.4,13.8,11.4,9.7,6.8,3.8,11.3,17.6,10.2,8.8,7,16.6,11.2,10,7,4.2,10.6,19.3,8.7,9.8,9.5,12.3,11.6,9.5,6.5,3.5,6.9,13.6,6,5.5,6.2,17.4,8.7,6.9,4.4,2.9,6.6,11.9,5.9,5.2,6.8,17.1,7.9,7,4.4,3,7.2,15.2,6.2,5.7,5.7,17.5,9.2,6.8,4.4,2.8,243155000
2012-05-01,8.6,16.7,7.6,6.4,6.4,17.2,10.5,8.4,5,3.3,8.3,15.2,7.5,6,6.7,18.6,9.8,8.5,5,3.5,8.8,18.2,7.6,6.8,6.2,16.3,11,8.3,5,3.1,15,28,13.3,9.4,8.7,30.8,17.4,13.7,7.1,5.9,13.6,25.7,12.3,7.4,8.2,29.5,16.1,13,6.3,5.5,16.5,30.5,14.3,11.8,9.2,32.1,18.6,14.5,8.1,6.5,11,18.6,9.4,9.5,8.5,13.8,11.5,9.7,6.9,3.7,11.4,17.9,10.3,8.8,7,16.9,11.3,10.1,7,4.1,10.7,19,8.7,10.1,9.7,12.3,11.7,9.4,6.8,3.2,7,13.7,6.1,5.6,6.1,17.6,8.7,7,4.4,2.9,6.6,12,5.9,5.3,6.7,17.2,8,7.1,4.4,3,7.3,15.3,6.3,5.8,5.7,17.8,9.3,6.9,4.5,2.8,242966000
2012-04-01,8.7,16.8,7.6,6.4,6.4,17.3,10.6,8.4,5,3.3,8.3,15.3,7.5,6.1,6.6,18.7,9.8,8.5,5,3.5,8.9,18.3,7.7,6.8,6.3,16.4,11.2,8.4,5,3.2,15.2,28.3,13.5,9.4,8.6,31.1,17.7,13.8,7.2,6,13.8,25.9,12.5,7.5,8.3,29.8,16.2,13.1,6.5,5.8,16.8,30.9,14.7,11.8,9.1,32.3,19,14.8,8.1,6.4,11,18.6,9.5,9.6,8.2,13.9,11.6,9.8,6.9,3.6,11.6,18.1,10.4,9.1,6.7,16.9,11.4,10.2,6.9,4.3,10.7,18.9,8.8,10,9.4,12.3,11.7,9.3,6.9,3,7,13.8,6.2,5.6,6.1,17.7,8.8,7,4.5,3,6.7,12.1,5.9,5.4,6.6,17.3,8,7.1,4.4,3,7.3,15.4,6.4,5.8,5.8,17.9,9.4,7,4.5,2.9,242784000
2012-03-01,8.7,16.9,7.7,6.5,6.4,17.5,10.7,8.4,5.1,3.3,8.4,15.3,7.6,6.1,6.5,18.9,9.9,8.5,5.1,3.5,9,18.4,7.9,6.8,6.3,16.7,11.3,8.4,5.1,3.2,15.4,28.6,13.8,9.4,8.6,31.4,17.9,14,7.5,6,14,26.4,12.7,7.4,8.2,30.4,16.4,13.1,6.8,5.9,17,31.1,15,11.7,9,32.3,19.3,15.1,8.4,6.2,11.2,18.6,9.6,9.6,8.3,14,11.8,9.8,7,3.9,11.7,18.2,10.6,9.2,6.7,16.8,11.7,10.4,6.9,4.6,10.8,19,9,10,9.5,12.5,11.8,9.3,7,3.1,7.1,13.9,6.2,5.6,6.1,17.9,8.9,7,4.5,3,6.7,12,5.9,5.4,6.5,17.4,8,7.1,4.4,3,7.4,15.6,6.5,5.8,5.9,18.2,9.5,7,4.5,3,242604000
2012-02-01,8.8,17,7.8,6.5,6.5,17.6,10.8,8.5,5.1,3.3,8.4,15.4,7.6,6.1,6.5,18.9,10,8.4,5.1,3.5,9.1,18.6,8,6.9,6.4,16.9,11.5,8.5,5.1,3.2,15.6,28.6,14,9.3,8.4,31.7,18.1,13.9,7.7,5.9,14,26.3,12.8,7.2,8.3,30.6,16.4,13,7,6,17.3,31.2,15.4,11.8,8.5,32.7,19.6,15.2,8.7,5.9,11.3,18.8,9.7,9.7,8.8,14,11.9,10,7,3.8,11.8,18.5,10.6,9.1,6.9,16.7,12,10.5,7,4.5,10.9,19,9.1,10.1,10.2,12.7,11.9,9.5,7,3.1,7.1,14,6.2,5.6,6.1,18,9,7,4.5,3,6.7,12.1,5.9,5.4,6.4,17.4,8.1,7,4.5,3,7.5,15.8,6.5,5.8,5.9,18.3,9.7,7,4.5,3,242435000
2012-01-01,8.9,17.1,7.9,6.6,6.5,17.7,11,8.5,5.2,3.3,8.4,15.6,7.6,6.1,6.5,18.9,10.1,8.4,5.2,3.5,9.2,18.6,8.1,7,6.5,16.9,11.6,8.6,5.2,3.2,15.7,28.7,14.1,9.6,8.4,31.7,18.2,14.2,7.8,5.8,14.1,26.6,12.9,7.3,8.4,30.6,16.4,13.1,7.2,5.8,17.5,31,15.5,12.4,8.4,32.7,19.7,15.6,8.7,5.8,11.3,19,9.8,9.8,8.8,14,12.1,10.1,6.9,3.8,11.8,18.8,10.6,8.9,7.3,16.6,12.2,10.4,7.1,4.3,11,19.1,9.2,10.4,9.9,12.7,12.1,9.8,6.8,3.4,7.2,14.1,6.3,5.7,6.1,18.1,9.1,7.1,4.5,3,6.7,12.3,5.9,5.4,6.3,17.6,8.2,7,4.5,3,7.6,15.9,6.6,6,6,18.4,9.9,7.1,4.6,3,242269000